-- phpMyAdmin SQL Dump
-- version 5.2.1
-- https://www.phpmyadmin.net/
--
-- Host: 127.0.0.1
-- Generation Time: Mar 09, 2026 at 12:37 PM
-- Server version: 10.4.28-MariaDB
-- PHP Version: 8.2.4

SET SQL_MODE = "NO_AUTO_VALUE_ON_ZERO";
START TRANSACTION;
SET time_zone = "+00:00";


/*!40101 SET @OLD_CHARACTER_SET_CLIENT=@@CHARACTER_SET_CLIENT */;
/*!40101 SET @OLD_CHARACTER_SET_RESULTS=@@CHARACTER_SET_RESULTS */;
/*!40101 SET @OLD_COLLATION_CONNECTION=@@COLLATION_CONNECTION */;
/*!40101 SET NAMES utf8mb4 */;

--
-- Database: `parkir_dishub`
--

-- --------------------------------------------------------

--
-- Table structure for table `jukir_pembantu`
--

CREATE TABLE `jukir_pembantu` (
  `id` int(11) NOT NULL,
  `id_utama` int(11) DEFAULT NULL,
  `nik` varchar(20) DEFAULT NULL,
  `nama_pembantu` varchar(150) DEFAULT NULL,
  `alamat_pembantu` text DEFAULT NULL
) ENGINE=InnoDB DEFAULT CHARSET=utf8mb4 COLLATE=utf8mb4_general_ci;

--
-- Dumping data for table `jukir_pembantu`
--

INSERT INTO `jukir_pembantu` (`id`, `id_utama`, `nik`, `nama_pembantu`, `alamat_pembantu`) VALUES
(1, 111, '3515081706730010', 'WARAS', 'BULUSIDOKARE RT.005 RW.001 DS. BULUSIDOKARE KEC. SIDOARJO'),
(2, 111, '3578082707560001', 'MUHAMMAD SETIAWAN BUDHIONO', 'GUBENG JAYA TENGAH 23 RT.006 RW.002 DS. GUBENG  KEC. GUBENG KOTA SURABAYA'),
(3, 112, '3515080103650001', 'GIMIN', 'JL. R PATAH I/ RT.009 RW.003 DS. PEKAUMAN KEC. SIDOARJO'),
(4, 113, '3578282411870001', 'MOCH. ARIFIN', 'GENTING BARU I NO.1 RT.004 RW.003 DS. GENTING KALIANAK  KEC. ASEM ROWO KOTA SURABAYA'),
(5, 114, '3515080205660006', 'SUPADI', 'JL. KELURAHAN RT.004 RW.001 DS.BULULSIDOKARE KEC. SIDOARJO'),
(6, 115, '3515080101650008', 'BAIDOWI', 'LEMAHPUTRO III RT.022 RW.004 DS. LEMAHPUTRO KEC. SIDOARJO'),
(7, 115, '3527020309800006', 'MUASAN', 'DSN. PANGSOBIH RT.- RW.- DS. KARA KEC. TORJUN KABUPATEN SAMPANG'),
(8, 116, '3515080207710001', 'BURDI', 'KEMIRI RT.002 RW.002 DS. KEMIRI KEC. SIDOARJO'),
(9, 117, '3306101106880002', 'HERI KISWANTO', 'SIDOMULYO RT.001 RW.001 DS. SIDOMULYO  KEC. BUTUH KABUPATEN PURWOREJO'),
(10, 117, '3515081402910002', 'AZIZ MUHAMACD MALIKI', 'KARANGBONG RT.006 RW.002 DS. KARANGBONG KEC. GEDANGAN'),
(11, 118, '3515151410680003', 'SAAT', 'PAGERWOJO RT.018 RW.005 DS. PAGERWOJO KEC. BUDURAN'),
(12, 118, '3515082704690001', 'ABDUL KODIR', 'DSN. BANJARBENDO RT.001 RW.001 DS. BANJARBENDO KEC. SIDOARJO'),
(13, 119, '3509102302980001', 'FACHRUR ROZY', 'DSN. SUMBER KADUT RT.001 RW.006 DS. BALUNGKIDUL KEC. BALUNG KABUPATEN JEMBER'),
(14, 120, '3515080504850004', 'MOCH NAILUL ALIE', 'KAUMAN I/227 RT.005 RW.002 DS. PEKAUMAN KEC. SIDOARJO'),
(15, 120, '3515072611890001', 'EDI SANTOSO', 'BLIGO RT.012 RW.005 DS. BLIGO KEC. CANDI'),
(16, 121, '3527021511770001', 'ADMURI', 'DSN. TENGGINAH RT.- RW.- DS. KARA KEC. TORJUN KABUPATEN SAMPANG'),
(17, 122, '-', '-', '-'),
(19, 124, '3515081001720001', 'MOCHAMAT TAUFIK', 'JL. TEUKU UMAR 24 RT.008 RW.003 DS. MAGERSARI KEC. SIDOARJO'),
(20, 124, '3515082502910001', 'FINDI NOVIANTO', 'JL. TEUKU UMAR RT.008 RW.003 DS. MAGERSARI KEC. SIDOARJO'),
(21, 125, '3515083010960002', 'DANIEL RAKA NEO FAHMI', 'DSN. NGUDI RT.005 RW.004  DS. PUNGGUL KEC. GEDANGAN'),
(22, 126, '3515080910740005', 'AKHMAD FARID HARIADI', 'PANJUNAN 1/55A RT.017 RW.003 DS.  BULUSIDOKARE KEC. SIDOARJO'),
(23, 127, '3527060107671473', 'M. MUDAHRI', 'DSN. KASANGKAH RT.000 RW.000 DS. BANYUKAPAH KEC. KEDUNGDUNG KABUPATEN SAMPANG'),
(24, 127, '3515071310650003', 'SATIR', 'KEBONSARI RT.004 RW.001 DS. KEBONSARI KEC. CANDI'),
(25, 128, '3509201810020006', 'BAGUS ILHAM PRAYOGO', 'KRANGGAN I/27 RT.020 RW.004 DS. SIDOKUMPUL KEC. SIDOARJO'),
(26, 128, '3515080512990011', 'ANDIKA DELIMAS ANWAR', 'KRANGGAN 1A / 27A RT.021 RW.004 DS. SIDOKUMPUL KEC. SIDOARJO'),
(27, 129, '3515082111840001', 'ARIEF RACHMAN', 'WISMA SARINADI BLOK B-7 RT.027 RW.006 DS. MAGERSARI KEC. SIDOARJO'),
(28, 130, '3515070105650008', 'NUR KASAN', 'KEDUNGKENDO RT.006  RW.002 DS. KEDUNGKENDO KEC. CANDI'),
(29, 131, '3527020411940001', 'NURUL HUDA', 'DSN. BABAN RT.- RW.- DS. TANAH MERAH KEC. TORJUN KABUPATEN SAMPANG'),
(30, 131, '3527021504820001', 'SYAMSUL ARIFIN', 'CANDI JAYA RT.018 RW.005 DS. CANDI KEC. CANDI'),
(31, 131, '3515151111020003', 'MUHAMAD FARID SUWANDY PUTRA', 'KEPUHSARI RT.012 RW.005 DS. PRASUNG KEC. BUDURANG'),
(32, 131, '3578041812900003', 'ACHMAD IRBAN RIFAI', 'TROPODO I RT.017 RW.002 DS. TROPODO KEC. WARU'),
(33, 131, '3527131701920001', 'IMAM TIRMIDI', 'PULO TEGALSARI 6/58 RT.011 RW.007 DS. WONOKROMO KEC. WONOKROMO KOTA SURABAYA'),
(34, 131, '3515071907730003', 'MOCH CHOIRI', 'KEBONSARI RT.006 RW.001 DS. KEBONSARI KEC. CANDI'),
(35, 131, '3578202309730002', 'MOKH. USMAN', 'DK. KRAMAT II/39 RT.004 RW.004 DS. JAJARTUNGGAL KEC. WIYUNG KOTA SURABAYA'),
(36, 131, '3526141505960004', 'M. HAFIL', 'DSN. BATU BERAS RT.000 RW.000 DS. MRECAH KEC. TANAH MERAH KABUPATEN BANGKALAN'),
(37, 131, '3526032007790002', 'MASKUR', 'MARGODADI III NO.102 RT.005 RW.007 DS. GUNDIH KEC. BUBUTAN KOTA SURABAYA '),
(38, 132, '3515073011880002', 'HERMAN PRADIKA', 'LARANGAN RT.001 RW.001 DS. LARANGAN KEC. CANDI'),
(39, 132, '3514121111900001', 'MOCH. MARGO', 'JL. GATOTO SUBROTO RT.001 RW.001 DS. LARANGAN KEC. CANDI'),
(40, 132, '3515081002600002', 'IMAM MACHFUDI', 'JL. MALIK IBRAHIM 37 RT.002 RW.001 DS. PUCANGANOM KEC. SIDOARJO'),
(41, 132, '3515070604690005', 'MUNAYAT', 'NYAMPLUNG RT.025 RW.006 DS. SUMOKALI KEC. CANDI'),
(42, 132, '3514122511710003', 'EDY KURNIANTO', 'KEJAPANAN GG. HARUM MANIS RT.001 RW.026 DS. KEJAPANAN KEC. GEMPOL KABUPATEN PASURUAN'),
(43, 132, '3515072807870004', 'MUCHAMAD IMRON', 'JL. GATOT SUBROTO RT.001 RW.001 DS. LARANGAN KEC. CANDI'),
(44, 133, '3515102210760003', 'ABDUL MUIS', 'WONOKASIAN RT. 008 RW. 003 DESA WONOKASIAN WONOAYU SIDOARJO'),
(45, 134, '1810012307780001', 'DHODY YULIANTO', 'PRABAN TIMUR RT.003 RW.001 DS. SIDOKARE KEC. SIDOARJO'),
(46, 135, '3515082812890005', 'MOCHAMMAD SHODIKIN', 'CELEP I/206 RT. 002 RW. 001 KEL. CELEP SIDOARJO'),
(47, 135, '3515080706020007', 'CHALIM SYAMSUDDIN', 'CELEP RT. 002 RW. 001 KEL. CELEP SIDOARJO'),
(48, 136, '3175101710870009', 'BAYU OKY MAHENDRA PUTRA', 'JALAN HASANUDIN CELEP UTARA RT. 001 RW. 001 KEL. CELEP SIDOARJO'),
(49, 137, '3515081108510001', 'ABD WAHAB', 'CELEP SELATAN RT.010 RW.003 DS. CELEP KEC. SIDOARJO'),
(50, 138, '3515080809970004', 'EGA FRISKIANDY NOER AKBAR', 'GAJAH MAGERSARI RT.020 RW.006 DS. MAGERSARI KEC. SIDOARJO'),
(51, 138, '3515082408930003', 'FIRMAN AGUS SETIAWAN', 'GAJAH MAGERSARI RT.018 RW.006 DS. MAGERSARI KEC. SIDOARJO'),
(52, 138, '3515082608680003', 'M. SAMSUL HADI', 'PUCANG RT.014 RW.003 DS. PUCANG KEC. SIDOARJO'),
(53, 138, '3514070809810001', 'TARUNA YUDHA', 'PANJUNAN GG. 1/101 RT.019 RW.003 DS. BULLUSIDOKARE KEC. SIDOARJO'),
(54, 138, '3515080412850006', 'IFAN JUANTONO', 'GAJAH MAGERSARI RT.018 RW.006 DS. MAGERSARI KEC. SIDOARJO'),
(55, 138, '3515081309780002', 'ASYIK', 'MAGERSARI RT.017 RW.006 DS. MAGERSARI KEC. SIDOARJO'),
(56, 139, '3515070506610001', 'HARI WAHYUDI', 'DUSUN MAJU RT. 009 RFW. 003 DESA TENGGULUNAN CANDI SIDOARJO'),
(57, 139, '3515081906750001', 'ABDUL CHOLIQ', 'BLIGO RT.014 RW.006 DS. BLIGO KEC. CANDI'),
(58, 140, '3515100406790008', 'SUPRI', 'DUSUN KARANGNONGKO RT. 004 RW. 004 DESA KARANGPURI WONOAYU SIDOARJO'),
(59, 141, '3515086207730006', 'SUJIANAH', 'JL. KH MUKIN RT.005 RW.002 DS. SIDOKARE KEC. SIDOARJO'),
(60, 142, '3578161211970002', 'ALI MUBAROK', 'WONOKUSUMO JAYA 9/3 RT. 002 RW. 007 DESA PEGIRIAN SEMAMPIR SURABAYA'),
(61, 142, '3505191005690001', 'SUBANDI', 'DSN. SEBENG RT.001 RW.003 DS. PAGERGUNUNG KEC. KESAMBEN'),
(62, 143, '3515080412850004', 'JUMA\'IN', 'JL. RADEN PATAH E I NO.64 RT.009 RW.003 DS. PEKAUMAN KEC. SIDOARJO'),
(63, 144, '3515162504550001', 'SAMURI', 'JALAN ANUSANATA 28B RT 001 RW 011 KEL. SAWOTRATAP GEDANGAN SIDOARJO'),
(64, 145, '3515085701770005', 'WIWIK NISFUL LAILI', 'BABATAN RT. 010 RW. 003 KEL. JATI SIDOARJO'),
(65, 145, '3515081210820006', 'RICHARD DARMAWAN', 'JALAN GAJAH RT. 018 RW. 005 KEL. MAGERSARI SIDOARJO'),
(66, 146, '3515160204100001', 'PRAYOGO FIRMANSYAH', 'RENCONG JALAN RENCONG II/29 RT. 001 RW. 003 KEL. TEBEL GEDANGAN SIDOARJO'),
(67, 147, '3515081803830007', 'DEKY SETYAWAN', 'JALAN PETEMON TIMUR BUNTU NO. 7 RT. 009 RW. 002 KEL. KUPANGKRAJAN SAWAHAN SURABAYA'),
(68, 148, '3515080412900002', 'DEVI ALFIAN', 'JALAN DR. SOETOMO 3/13 RT. 004 RW. 002 KEL. MAGERSARI SIDOARJO'),
(69, 148, '3515082403920001', 'ARDI MARDIANSAH', 'JALAN RAYA GAJAH 2/40 RT. 012 RW. 004 KEL. MAGERSARI SIDOARJO'),
(70, 149, '3515081109760006', 'RUSWANTO', 'KALANGANYAR RT. 014 RW. 004 KEL. KALANGANYAR SEDATI SIDOARJO'),
(71, 149, '3212152007770006', 'NANA SURYANA', 'JL. CUMI-CUMI XIII NO.156 PERUMNAS BPPK RT.004 RW.007 DS. PABEANUDIK KEC. INDRAMAYU KABUPATEN INDRAMAYU'),
(72, 150, '3515080707730003', 'MEGA WIJAYA', 'JL. MAYJEN SUNGKONO 45 RT.018 RW.005 DS. PUCANG KEC. SIDOARJO'),
(73, 150, '3515082202790005', 'RULLI FEBRIYANTO', 'LUWUNG RT.007 RW.002 DS.SARIROGO KEC. SIDOARJO'),
(74, 150, '3515082004740007', 'GUNAWAN', 'JL. PAHLAWAN VII/190 RT.004 RW.001 DS. LEMAHPUTRO KEC. SIDOARJO'),
(75, 150, '3515082709800005', 'MUDROPIN', 'GAJAH MAGERSARI 71 RT.020 RW.006 DS. MAGERSARI KEC. SIDOARJO'),
(76, 150, '3515080205770013', 'ROHAMID', 'JL.R PATAH I/71 RT.010 RW.003 DS. PEKAUMAN KEC. SIDOARJO'),
(77, 150, '3515081704650001', 'ADY PRAYITNO', 'MAGERSARI 3/13 RT.003 RW.001 DS. MAGERSARI KEC. SIDOARJO'),
(78, 150, '3515070604780001', 'SAMUDI', 'ENTALSEWU RT.003 RW.001 DS. ENTALSEWU KEC. BUDURAN'),
(79, 150, '3515142208930001', 'ABDUL NUR HUDA', 'DSN. BECIRO RT.008 RW.002 DS. JUMPUTREJO KEC. SUKODONO'),
(80, 150, '3515080707700004', 'DIDIK PURWANTO', 'JL. ERLANGGA 8/8 RT.019/006 DS. CELEP KEC. SIDOARJO'),
(81, 150, '3515082502010003', 'SAFIRNA ROSUL ZAKARIA', 'PANDEAN II / 381 A RT.002 RW.001 DS. PEKAUMAN KEC. SIDOARJO'),
(82, 150, '3515090604790005', 'PURNOMO EDHI SAPUTRO, SE', 'KEBARON TIMUR RT. 003 RW. 002 KEL. KEBARON TULANGAN SIDOARJO'),
(83, 150, '3515151307650002', 'SUPARMAN', 'JL. SUKOREJO BARU RT.011 RW. 004 KEL. SUKOREJO BUDURAN SIDOARJO'),
(84, 150, '3515080503740003', 'HARI SUNANTO', 'GAJAH MAGERSARI 85 RT. 016 RW. 005 KEL. MAGERSARI SIDOARJO'),
(85, 150, '3515080910740007', 'KASIADI', 'JATI UTARA III RT.006 RW.002 DS. JATI KEC. SIDOARJO'),
(86, 151, '3507042008410001', 'SULAIMAN', 'KEDUNGBANTENG RT. 018 RW. 007 KEL. KEDUNGBANTENG SUMBERMANJINGWETAN MALANG'),
(87, 151, '3515080107940003', 'HENDRIK SOPAHELUWAKAN', 'GRIYA CANDI ASRI BLOK Z 3 RT. 017 RW. 004 KEL. GELAM CANDI SIDOARJO'),
(88, 152, '3578170402030003', 'IMAM SAFII', 'DESA SIDOMULYO KAVLING 23 RT. 001 RW. 001 KEL. SIDOMULYO BUDURAN SIDOARJO'),
(89, 153, '3515081804690001', 'PUJI MARYANTO', 'KRANGGAN GG I/14 RT.021 RW.004 DS. SIDOKUMPUL KEC. SIDOARJO'),
(90, 154, '3578160803680002', 'MATNAJI', 'WONOKUSUMO JAYA BARU 10/16 RT. 020 RW. 011 KEL. PEGIRIAN SEMAMPIR SURABAYA'),
(93, 157, '3515080901990002', 'MUHAMMAD HIMAM AL HAFIF', 'LEMAHPUTRO 4 RT. 019 RW. 004 KEL. LEMAHPUTRO SIDOARJO'),
(94, 157, '3515082606780003', 'MARIO YUNIARDI', 'JL. PANDEAN KETEGAN RT. 006 RW. 002 KEL. KETEGAN TANGGULANGIN SIDOARJO'),
(96, 159, '3515081403630002', 'I DEWA KETUT SUWARTA', 'SIDOMUKTI 69 RT. 009 RW.002 KEL. SIDOKUMPUL SIDOARJO'),
(97, 160, '3515082006780009', 'M. BENOT SUPRAYITNO ', 'NGEMPLAK RT. 007 RW. 003 KEL. CEMENGKALANG SIDOARJO'),
(98, 161, '3515080606780005', 'MOKH. LUTFI', 'GAJAH MAGERSARI RT. 013 RW. 004 KEL. MAGERSARI SIDOARJO'),
(99, 162, '3515086812710002', 'NUDROTIN', 'SARIROGO RT. 011 RW. 003 KEL. SARIROGO SIDOARJO'),
(100, 163, '3527061811830004', 'FAUZI', 'NYAMPLUNG RT. 019 RW. 004 KEL. SUMOKALI CANDI SIDOARJO'),
(101, 163, '3527060803960002', 'NURUL HUDE', 'DSN KLOYKOY RT. 000 RW. 000 KEL DALEMAN KEDUNGDUNG SAMPANG'),
(102, 164, '3515070707890005', 'PANJI LESMANA', 'CANDI POS RT.011 RW. 003 CANDI SIDOARJO'),
(103, 164, '3515102002690005', 'UMARI RAHMAD', 'WONOAYU RT. 003 RW. 001 WONOAYU SIDOARJO'),
(104, 164, '3526032809780001', 'MUNIR', 'DSN. KEBALAN TIMUR BENANGKAH BURNEH BANGKALAN'),
(105, 164, '3515081206810010', 'SUTRISNO', 'CELEP SELATAN RT. 010 RW. 003 KEL. CELEP SIDOARJO'),
(106, 164, '3515071601820005', 'HERU PURNIAWAN', 'LARANGAN RT. 001 RW. 001 KEL. CANDI SIDOARJO'),
(107, 165, '3515084707650006', 'WULATI', 'JL. JAGUNG SUPRAPTO 15 RT.007 RW.003 DS. SIDOKLUMPUK KEC. SIDOARJO'),
(108, 166, '3515080709800007', 'SUPRIYADI', 'KBPM M. DURYAT I/05 RT. 002 RW. 001 KEL. SIDOKUMPUL SIDOARJO'),
(109, 166, '3515081404570005', 'SUKARDI', 'KBPM M. DURYAT I/05 RT. 002 RW. 001 KEL. SIDOKUMPUL SIDOARJO'),
(110, 166, '3515081201740005', 'SAMAHADI G', 'KBPM M. DURYAT I/05 RT. 002 RW. 001 KEL. SIDOKUMPUL SIDOARJO'),
(111, 167, '3515080807780002', 'CHOIRUL ANAM', 'BALONG TENGAH RT. 004 RW. 001 KEL. SIDOKUMPUL SIDOARJO'),
(112, 167, '3515082310800004', 'MUCHUS ANTAHAR', 'RANGKAH KIDUL RT. 018 RW. 001 KEL. RANGKAHKIDUL SIDOARJO'),
(113, 167, '3515081708700024', 'FAUZI', 'JL. KOMBESPOL M. DURYAT NO. 12 RT. 001 RW. 001 KEL. SIDOKUMPUL SIDOARJO'),
(114, 168, '35261405070000002', 'MOH. ROFIQI', 'DSN. MASJID RT. 005 RW. 002 KEL. BAJEMAN TRAGAH BANGKALAN'),
(115, 169, '3515082405830001', 'ARIF RAHMAN', 'JASEM RT.013 RW.002 DS. BULUSIDOKARE KEC. SIDOARJO'),
(116, 170, '3515081308800009', 'MOCH WEMMY SYAFITRI', 'JL. HASANUDDIN NO. 65 KEL. SEKARDANGAN SIDOARJO'),
(117, 171, '3515081607740004', 'SELAMET SUGIYANTO', 'GG P. SEMPU RT. 008 RW. 005 KEL. RANGKAHKIDUL SIDOARJO'),
(118, 171, '3527061702840003', 'SYAIFUDDIN', 'DSN. SANDAN RT. 000 RW. 000 KEL. GUNUNGLELEH KEDUNGDUNG SAMPANG'),
(119, 171, '3515081709970007', 'RIDWAN MA\'ARIF', 'JL. R. PATAH DALEMAN I/55 RT. 009 RW. 003 KEL. PEKAUMAN SIDOARJO. '),
(120, 172, '3515081507770002', 'M. AUNUR ROFIQ', 'CELEP SELATAN RT. 010 RW. 003 KEL. CELEP SIDOARJO'),
(121, 172, '3515081912700002', 'HISYAM SAID BASHAM', 'CELEP SELATAN RT. 009 RW. 003 KEL. CELEP SIDOARJO'),
(124, 175, '3515074204690001', 'ANIEK SUMIATI', 'MUTIARA CITRA ASRI C4/2 RT. 001 RW. 011 KEL. SUMORAME CANDI SIDOARJO'),
(125, 176, '3515081907710001', 'BUDDIYANTO', 'LEMAHPUTRO II/48 RT. 023 RW. 004 KEL. LEMAHPUTRO SIDOARJO'),
(127, 178, '3527080905780001', 'H. ABD. WAHEID', ' JL. BALAI DESA RT.002 RW.005 DS. BLURUKIDUL KEC. SIDOARJO'),
(128, 179, '3515083011590001', 'AYUB', 'PRABAN TIMUR RT.003 RW.001 DS. SIDOKARE KEC. SIDOARJO'),
(130, 181, '3509091303580003', 'HASYIM', 'DUSUN KRAJAN RT. 003 RW. 002 KEL. PETUNG BANGSALSARI JEMBER'),
(131, 181, '3509090107740385', 'SOLEH', 'DUSUN TEGALAN RT. 002 RW. 004 KEL. BANGSALSARI JEMBER'),
(132, 182, '3578160906830010', 'YUNAEDI RIZALI', 'JATIPURWO 5/21 RT.005 RW. 013 DS. UJUNG KEC. SEMAMPIR'),
(133, 182, '3527040506840008', 'USMAN', 'JATIPURWO 5/21 RT.005 RW. 013 DS. UJUNG KEC. SEMAMPIR'),
(134, 183, '3515130807800010', 'MOFIT', 'BEBEKAN PERENG RT.12 RW.004 DS. BEBEKAN KEC. TAMAN'),
(135, 183, '3515130507490003', 'MOH. DELI', 'BEBEKAN PERENG RT.12 RW.004 DS. BEBEKAN KEC. TAMAN'),
(136, 184, '3578060607720005', 'YULI ISYANTO', 'BOGANGIN GG 2/B/18 RT.005 RW.005 DS. KEDURUS KEC. KARANG PILANG KOTA SURABAYA'),
(137, 184, '3525150307810001', 'IKWANTO', 'NGAGEL BARU 3/35 RT.005 RW.002 DS. NGAGEL KEC. WONOKROMO KOTA SURABAYA'),
(138, 185, '3527041201980003', 'ALFIN HAKIKI', 'KEDUNGREJO RT.017 RW.003 DS. KEDUNGREJO KEC. WARU'),
(141, 188, '3515180907780001', 'ACHMAD ZAMRONI', 'JL. KUNDI 20 RT.002 RW.004 DS. KEPUH KIRIMAN KEC. WARU'),
(142, 188, '3515181401950002', 'MOCH. USMAN', 'NGENI RT.001 RW.002 DS. KEPUH KIRIMAN KEC. WARU'),
(143, 188, '3578120305840003', 'M. SAHLUN', 'JOHOR BARU DKA 16 RT.006 RW.015 DS. TANJUNG PERAK KEC. PABEAN CANTIAN'),
(144, 188, '3578122508750001', 'MAHFUD', 'KEDINDING LOR GG. MELATI NO.30-C RT.005 RW.001 DS. TANAH KALI KEDINDING KEC. KENJERAN KOTA SURABAYA'),
(145, 189, '3515161408020002', 'MOCHAMAD DWIKY REZA', 'JL. TUMAPEL RT.004 RW.004 DS. KETAJEN KEC. GEDANGAN'),
(146, 189, '3515160908810002', 'ANANG SUBAKIR', 'KARANGBONG RT.001 RW.005 DS. KARANGBONG KEC. GEDANGAN'),
(147, 189, '3515160703790001', 'ABDUL MAJIT', ''),
(148, 189, '3515161405810001', 'ABDUL ROCHMAN', ''),
(149, 190, '3515090101580096', 'WARDOYO', 'GRABAGAN RT.037 RW.005 DS. GRABAGAN KEC. TULANGAN'),
(150, 191, '3515030802680001', 'JUMA\'ADI', 'PLOSO RT.003 RW.001 DS. PLOSO KEC. KREMBUNG'),
(151, 191, '3515071005770007', 'RONI JOKO PURWONO', 'DSN. SIDOMULYO RT.007 RW.004 DS. JAMBANGAN KEC. CANDI'),
(152, 191, '3515031405830001', 'GANIP ANDRI NUGROHO', 'DSN. KESIMBUKAN RT.004 RW.002 DS. MOJORUNTUT KEC. KREMBUNG'),
(153, 191, '3515102511890003', 'EKO PRASETYO SUWARJONO', 'WONOAYU RT.001 RW.004 DS. WONOAYU KEC. WONOAYU'),
(154, 192, '3515090603670003', 'SUPRIYADI', 'KEPADANGAN RT.005 RW.002 DS. KEPADANGAN KEC. TULANGAN'),
(155, 192, '3515090602940001', 'RIZAL ALDINO', 'GROGOL RT.003 RW.003 DS. GROGOL KEC. TULANGAN'),
(156, 192, '3515031909650002', 'MULYONO', 'KREMBUNG RT.002 RW.001 DS. KREMBUNG KEC. KREMBUNG'),
(157, 192, '3515033001820001', 'HADI SOLIKAN', 'DSN. KESIMBUKAN RT.003 RW.002 DS. MOJORUNTUT KEC. KREMBUNG'),
(158, 193, '3515092407800004', 'M SULIS', 'GRABAGAN RT.010 RW.002 DS. GRABAGAN KEC. TULANGAN'),
(159, 193, '3515011712840001', 'MAHMUDI', 'SEKETI RT.004 RW.001 DS. SEKETI KEC. BALONGBENDO'),
(160, 194, '3515022702940007', 'RACHMAT RAMADHANI', 'BULANG RT.004 RW.001 DS. BULANG KEC. PRAMBON'),
(161, 194, '3515022301780003', 'JOKO SUSANTO', 'LAJUK RT.002 RW.005 DS. BULANG KEC. PRAMBON'),
(162, 195, '3515100101580015', 'DJAMA\'ADI', 'DSN. BANJAR RT.018 RW.009 DS. PILANG KEC. WONOAYU'),
(163, 195, '3515092507030003', 'MOH ZIDNI MUBAROK', 'GRINTING RT.008 RW.003 DS. GRINTING KEC. TULANGAN'),
(165, 197, '3515022512830001', 'AGUNG PURWANTO', 'TEMU GG 2 RT.004 RW.002 DS. TEMU KEC. PRAMBON'),
(166, 197, '3515022704860001', 'DANI BACHTIAR', 'JABON RT.003 RW.003 DS. KAJARTENGGULI KEC. PRAMBON'),
(167, 197, '3515021102810001', 'MOHAMAD RAMUDI', 'SEMAMPIR RT.003 RW.003 DS. PRAMBON KEC. PRAMBON'),
(168, 197, '3516082503980001', 'MOCH. BANDA RUDDIN', 'DSN LEMIRING RT.025 RW.006 DS. LEMINGGIR KEC. MOJOSARI KABUPATEN MOJOKERTO'),
(169, 197, '3515022312880003', 'SLAMET RIANTO', 'DSN. KAJAR RT.002 RW.001 DS. KAJARTENGGULI KEC. PRAMBON'),
(170, 197, '3516022205910004', 'MOCHAMAD ADI MAULANA', 'TEMU GG.3 RT.006 RW.003 DS. TEMU KEC. PRAMBON'),
(171, 197, '3516091012820001', 'DENI EKO BUDI SANTOSO', 'SDN. KEMBAR RT.003 RW.001 DS. KEDUNGKEMBAR KEC. PRAMBON'),
(172, 197, '3516080501860002', 'HADI SANTOSO', 'DSN. LEMIRING RT.022 RW.006 DS. LEMINGGIR KEC. MOJOSARI KABUPATEN MOJOKERTO'),
(173, 197, '3516080608970006', 'ERSANDI AGUSTIAN HERJATMIKO', 'DSN. TURI RT.010 RW.003 DS. LEMINGGIR KEC. MOJOSARI KABUPATEN MOJOKERTO'),
(174, 198, '3515132404040009', 'MUH. DZIKRA FIRMANSYAH', 'WONOCOLO RT.004 RW.002 DS. WONOCOLO KEC. TAMAN'),
(175, 199, '3515091712770003', 'SHODIQ', 'KEPADANGAN RT.004 RW.002 DS. KEPADANGAN KEC. TULANGAN'),
(176, 200, '3514120505940003', 'EDO WINARTIKA MEGANANTA', 'ASRAMA PUSDIK SABHARA RT.002 RW.005 DS. PORONG KEC. PORONG'),
(177, 200, '3515040707860001', 'ARIF ROMANSYAH', 'JUWET 64 RT.003 RW.001 DS. JUWET KENONGO KEC. PORONG'),
(178, 200, '3515040701880004', 'IQBAL FIRMANSYAH', 'PANDOKAN RT.007 RW.001 DS. LAJUK KEC. PORONG'),
(179, 200, '3515072402970003', 'MUKHAMMAD URWAH HAKIM FAUZY', 'GRIYA SURYA ASRI A5-12A RT.004 RW.004 DS. BALONGDOWO KEC. CANDI'),
(180, 201, '5171030306790028', 'NUR HASAN', 'JL. TAMAN SEKAR III/5 TAMAN SEKAR RT.000 RW.000 DS. PADANGSAMBIAN KEC. DENPASAR BARAT KOTA DENPASAR'),
(181, 201, '3515070303790008', 'SATUKAN', 'KEDUNGKENDO RT.007 RW.003 DS. KEDUNGKENDO KEC. CANDI'),
(182, 202, '3578133112800005', 'RITAM', 'DUPAK JAYA VI/12 SURABAYA RT.006 RW.007 DS. JEPARA KEC. BUBUTAN KOTA SURABAYA'),
(183, 202, '3526132502540001', 'RODOLE TEPATITING', 'NGELOM MEGARE RT.006 RW.001 DS. NGELOM KEC.TAMAN'),
(184, 202, '3515130410760006', 'SLAMET RIADI', 'WONOCOLO RT.010 RW.004 DS. WONOCOLO KEC. TAMAN'),
(185, 203, '3515130501840003', 'MUHAMMAD SAHID', 'SEPANJANG ASRI BLOK I RT.011 RW.006 DS. SEPANJANG KEC. TAMAN'),
(186, 203, '3526010112770002', 'MOH. ROKIP', 'JL. K. LEMAH DUWUR RT.005 RW.004 DS. PEJAGALAN KEC. BANGKALAN KABUPATEN BANGKALAN'),
(187, 203, '3515130909690017', 'FAUSI', 'WONOCOLO SELATAN RT.018 RW.006 DS. WONOCOLO KEC. TAMAN'),
(188, 204, '3515141701810006', 'SUDARSONO', 'PEKARUNGAN RT.012 RW.004 DS. PEKARUNGAN KEC. SUKODONO'),
(189, 204, '3523191103950002', 'TEGUH SETIAWAN', 'PEKARUNGAN RT.021 RW.007 DS. PEKARUNGAN KEC. SUKODONO'),
(190, 205, '3515111105760004', 'ISWAHYUDI', 'MAGERSARI RT.021 RW.001 DS. KRIAN KEC. KRIAN'),
(191, 206, '3515040201850001', 'MIFTACHUL HUDAH', 'DSN. KLAGEN RT. 006 RW. 002 KEL. WILAYUT SUKODONO SIDOARJO'),
(192, 207, '3515021704740002', 'M. SHOLEH', 'BENDOTRETEK RT.003 RW.001 DS. BENDOTRETEK KEC. PRAMBON'),
(193, 208, '3526120107830137', 'HILMIH', 'KRAJAN TIMUR RT.020 RW.004 DS. KRIAN KEC. KRIAN'),
(197, 212, '3515141707800007', 'MOCHAMAD NURUL YAHYA', 'BANGSRI RT.003 RW.001 DS. BANGSRI KEC. SUKODONO'),
(198, 212, '3578101608980011', 'SYAIFUL ANWAR', 'KAPAS BARU 6/115 RT. 012 RW. 007 KEL. KAPASMADYA BARU TAMBAKSARI SURABAYA'),
(199, 212, '3578171908720002', 'ACHMAD SARBINI', 'TAMBAK WEDI BARU 17/115 RT. 005 RW. 004 KEL. TAMBAKWEDI KENJERAN SURABAYA'),
(200, 213, '3515021510650004', 'PUJIANTO', 'JATI DUKUH RT. 001 RW. 001 KEL. JATIKALANG PRAMBON SIDOARJO'),
(201, 213, '3515021505740002', 'MOHAMAD SHOLEH', 'DOPLAKTRETEK RT. 002 RW. 002 KEL. BENDOTRETEK PRAMBON SIDOARJO'),
(202, 213, '3515110507750008', 'ZAIS HARIADY', 'KRAJAN BARAT RT 028 RW. 006 KEL. KRIAN SIDOARJO'),
(203, 214, '3515121508900003', 'JOKO SLAMET', 'SEDURI RT.005 RW.002 DS. SEDURI KEC. BALONGBENDO'),
(205, 216, '3515111005030002', 'MUHAMMAD RYAN MAULANA', 'KRAJAN TENGAH RT.024 RW.005 DS. KRIAN KEC. KRIAN'),
(206, 217, '3515111404640002', 'GUNO PURWOKO', 'SIDOMUKTI RT.005 RW.002 DS. KRATON KEC. KRIAN'),
(207, 217, '3515111703790004', 'KHURDIANTO', 'DSN. LUWUNG RT.004 RW.003 SIDOMOJO KEC. KRIAN'),
(209, 219, '3578130504860001', 'RULI', 'DUSUN KENEP RT. 005 RW. 002 KEL. JUNWANGI KRIAN SIDOARJO'),
(210, 220, '3515011204620002', 'SUKISMAN', 'MINDUGADING RT.013 RW.004 DS. MINDUGADING KEC. TARIK'),
(211, 221, '3526120105720003', 'ABU BAKAR', 'DSN. SEBERIH RT.000 RW.000 DS. SENDANG DAJAH KEC. LARANGAN'),
(212, 222, '3527041108850004', 'SATUMAN', 'DSN. GUNUNG DALEM RT.000 RW.000 DS. BANJAR TALELA KEC. CAMPLONG'),
(213, 223, '3515101107810004', 'SATRIYO EKO HERMAWAN', 'PAGER RT.002 RW.001 DS. PAGERNGUMBUK KEC. WONOAYU'),
(214, 224, '3515152308920003', 'FATKHUL RIDHO', 'DUKUH TENGAH RT. 002 RW. 003 KEL. DUKUHTENGAH BUDURAN SIDOARJO'),
(215, 225, '3515161909880001', 'ASEP SETIAWAN', 'KETAJEN RT. 001 RW. 004 KEL. KETAJEN GEDANGAN SIDOARJO'),
(216, 226, '3515112306860004', 'NANDAR SETYAWAN', 'KEBOHARAN RT.009 RW.003 DS. KEBOHARAN KEC. KRIAN'),
(217, 227, '3515042604790006', 'IBNU AFFAN', 'TROMPO WETAN RT.007 RW.003 DS. TROMPOASRI KEC. JABON'),
(218, 227, '3515091106770001', 'BOBY HANDOKO', 'GANGGANG PANJANG RT.006 RW.002 DS. GANGGANG PANJANG KEC. TANGGULANGIN'),
(219, 227, '3515040510730006', 'BUDIONO', 'JL. YOS SUDARSO RT.008 RW.003 DS. GEDANGAN KEC.PORONG'),
(220, 227, '3515021105900001', 'HENDRO MULIONO', 'KEPADANGAN RT.002 RW.001 DS. KEPADANGAN KEC. TULANGAN'),
(221, 227, '3515042111850006', 'ARIS NURWASONO', 'JL. BHAYANGKARI NO.435 RT.009 RW.003 DS. JUWET KENONGO KEC. PORONG'),
(222, 227, '3515041211720001', 'MOCH. YUSUF', 'JUWETKENONGO RT.007 RW.001 KEC. PORONG'),
(223, 227, '3515160101670008', 'BUARI', 'JL. MAGGA III BLOK B NO.07 RT.010 RW.002 DS. SRUNI KEC. GEDANGAN'),
(224, 227, '3515040210640001', 'JOKO SAMPURNO', 'KENDAL RT.027 RW.005 DS. KEBONAGUNG KEC. PORONG'),
(225, 227, '3515030101630105', 'MARIADIN', 'DSN. BALONG PAPAR RT.018 RW.009 DS. TAMBAKREJO KEC. KREMBUNG'),
(226, 227, '3515031608660001', 'SYAIFUL ULUM', 'NGINGAS RT.012 RW.006 DS. TAMBAKREJO KEC. KREMBUNG'),
(227, 227, '3515041103790001', 'ARIFIN', 'KEPULUNGAN 02 RT.001 RW.004 DS. KEPULUNGAN KEC. GEMPOL KABUPATEN PASURUAN'),
(228, 228, '3515041101950001', 'DUWI LALANG BUANA', 'JL. BHAYANGKARI 244 RT.006 RW.002 DS. JUWETKENONGO KEC. PORONG'),
(229, 228, '3515041208790001', 'HARIRI', 'RELOKASI MINDI BARU JL. MELATI 3 BLOK L NO.26 RT.000 RW.000 DS. KESAMBI KEC. PORONG'),
(230, 228, '3515182803030002', 'ALDI AHMAD JOFANI', 'BERSEKULA/GG.MASJID RT.005 RW.002 DS.BERSEK KEC.WARU'),
(231, 228, '3515060704740002', 'MUHAMMAD ISWAHYUDI', 'GANGGANG PANJANG RT.004 RW.001 DS. GANGGANGPANJANG KEC. TANGGULANGIN'),
(232, 228, '3515060708810905', 'WAWAN PURWANTO', 'KETEGAN RT.005 RW.002 DS. KETEGAN KEC. TANGGULANGIN'),
(233, 228, '3505160706870002', 'HERU KUSWOYO', 'DSN SAMBIREJO RT.003 RW.001 DS. BINANGUN KEC. BINANGUN'),
(234, 228, '3515042109810003', 'RONI BIYANTORO', 'JL. PEMUDA RT.012 RW.004 DS. JUWET KENONGO KEC. PORONG'),
(235, 228, '3515041006770004', 'SAMSUL ARIFIN', 'JL. KH. WACHID HASIM RT.005/002 DS. KEBAKALAN KEC. PORONG'),
(236, 228, '3515031908850005', 'UUK GALOK PUTRANTO', 'DSN. PLOSO RT.002 RW.001 DS. PLOSO KEC. KREMBUNG'),
(237, 228, '3515041909930005', 'TEGUH SUDRAJAT', 'JL. KARANG TARUNA RT.008 RW.002 DS. JUWETKENONGO KEC. PORONG'),
(238, 228, '3515060708700002', 'DJUWARI', 'PERUMTAS II BLOK N-7 NO.6 RT.006 RW.005 DS. KALISAMPURNO KEC. TANGGULANGIN'),
(239, 228, '3515063012660004', 'SUHUD', 'GANGGANG PANJANG RT.004 RW.001 DS. GANGGANGPANJANG KEC. TANGGULANGIN'),
(240, 229, '3515041407770003', 'MUSTOFA JUNAIDI', 'JUWET KENONGO RT. 003 RW. 001 KEL. JUWETKENONGO PORONG SIDOARJO'),
(241, 229, '3515051605860001', 'BUDI HANDOKO', 'JL. BHAYANGKARI RT.006 RW.002 DS. JUWETKENONGO KEC. PORONG'),
(242, 229, '3506161701040002', 'DEVANO DANENDRA', 'JL. KARANGTARUNA 344 RT.008 RW.002 DS. JUWETKENONGO KEC. PORONG'),
(243, 229, '3515042301990003', 'JANUAR ALDI SUPRADANA', 'DSN. TROMPO WETAN RT.007 RW.003 DS. TROMPOASRI KEC. JABON'),
(244, 229, '3515043003980001', 'DIGOISTI PRABOWO', 'JUWET KENONGO RT. 014 RW. 004 KEL. JUWETKENONGO PORONG SIDOARJO'),
(245, 229, '3515042704010004', 'DIFA ARYA WIBOWO', 'JL. KARANG TARUNA RT. 008 RW. 002 KEL. JUWETKENONGO PORONG SIDOARJO'),
(246, 229, '3515042001880004', 'NORMAN HARDIYANTO', 'JL. KARANG TARUNA 307 RT. 007 RW. 001 KEL. JUWETKENONGO PORONG SIDOARJO'),
(247, 229, '3515041707840001', 'EKO YULIANTO', 'GROGOL RT.004 RW.002 DS. GROGOL KEC. TULANGAN'),
(248, 229, '3515042607760006', 'KHOIRUL ANAM', 'JL. KARANG TARUNA RT. 008 RW. 002 KEL. JUWET KENONGO PORONG SIDOARJO'),
(249, 229, '3271061510840015', 'RIZKI DARMAWAN SAPUTRA', 'JUWT KENONGO RT.008 RW.002 DS. JUWETKENONGO KEC. PORONG'),
(250, 229, '3515060504830002', 'AGUS TRIONO', 'JL. KARANG TARUNA RT.008 RW.002 DS. JUWETKENONGO KEC. PORONG'),
(251, 229, '3515042303960002', 'MUCHAMAD ULUL ALBAB', 'JL. BAYANGKARI GG MASJID ALKALAM RT.005 RW.002 DS. JUWETKENONGO KEC. PORONG'),
(252, 229, '3515042607980004', 'AHMAD FACHRIZA AIDA A\'LA', 'JL. BHAYANGKARI RT.006 RW.002 DS. JUWETKENONGO KEC. PORONG'),
(253, 229, '3515041407770004', 'YAYOK JUNAIDI', 'JUWETKENONGO RT.005 RW.002 DS. JUWET KENONGO KEC. PORONG'),
(254, 229, '3515062308770005', 'AGUS BUDIYANTO', 'PERUM TNI-AL C3 NO. 10 RT.020 RW.007 DS. KEDUNG KENDO KEC.CANDI'),
(255, 229, '\'3515040803030002', 'IRVAN MAULANA', 'JL. KARANG TARUNA RT.007 RW.001 JUWETKENONGO KEC. PORONG'),
(256, 229, '3515041308070001', 'GALANG SAPUTRA', 'JUWETKENONGO RT.008 RW.002 DS. JUWET KENONGO KEC. PORONG'),
(257, 229, '3515041106960003', 'RIZKY WAHYU SAPUTRA', 'CARAT RT.001 RW.003 DS. CARAT KEC. GEMPOL KAB. PASURUAN'),
(258, 229, '3515041102890001', 'DWI FEBRI HENDRO CAHYONO', 'SUDIMORO RT.003 RW.002 DS. KARANGASEM KEC. KUTOREJO KAB. MOJOKERTO'),
(259, 230, '3515061004980005', 'SYAIFUR ROHMAN', 'KALITENGAH UTARA RT. 006 RW. 001 KEL. KALITENGAH TANGGULANGIN SIDOARJO'),
(260, 231, '3515042804980001', 'FAZAR BAYU DWI KISWARA', 'MINDI RT. 007 RW. 001 KEL. MINDI PORONG SIDOARJO'),
(261, 231, '3515042501830003', 'WIMPY AZIZ BONI ERNANDA', 'JL. GUBERNUR SURYO I-B/43 RT. 005 RW. 002 KEL. KARANGPOH GRESIK'),
(263, 233, '3524042011820001', 'DWI PURWANTO', 'GIRIK RT.002 RW.001 DS. GIRIK KEC. NGIMBANG KABUPATEN LAMONGAN'),
(264, 234, '3515071107680004', 'SUCIPTO', 'BLIGO RT. 005 RW. 002 KEL. BLIGO CANDI SIDOARJO'),
(265, 235, '3515080505760004', 'MURTADHO', 'SIDOWAYAH TALUN II RT. 013 RW. 004 KEL. CELEP SIDOARJO'),
(266, 236, '3515101005650005', 'YUSUF SUBIANTORO', 'JAPANAN RT. 004 RW. 001 KEL. POPOH WANOAYU SIDOARJO'),
(267, 237, '3515080404700003', 'EDY SUSANTO', 'SERUJO RT. 008 RW. 002 KEL. PUCANGANOM SIDOARJO'),
(269, 237, '3515112806680001', 'SUBEKI', 'KRAJAN TENGAH RT.021 RW.005 DS. KRIAN KEC. KRIAN'),
(270, 237, '3515112601710002', 'TEGUH SUGIARTO', 'JAGALAN 1/105 RT.011 RW.003 DS. KRIAN KEC. KRIAN'),
(271, 237, '3515110506770005', 'SAMSIR ALAMSYAH', 'NGINGASBARAT RT.034 RW.008 DS. KRIAN KEC. KRIAN'),
(272, 237, '3515113009690001', 'MUCHAMAD SAMSUDIN', 'KRAJAN BARAT RT.027 RW.006 DS. KRIAN KEC. KRIAN'),
(273, 237, '3515111910850003', 'HENDRO SUDARMAWAN', 'LENDOMALANG RT.009 RW.003 DS. SIMOANGIN ANGIN KEC. WONOAYU'),
(275, 237, '3515023101610006', 'SUEB', 'CANGKRING RT. 003 RW. 001 KEL. CANGKRINGTURI PRAMBON SID0ARJO'),
(276, 237, '3515111109550001', 'NOERWADI', 'KATERUNGAN RT.005 RW.004 DS. KETERUNGAN KEC. KRIAN'),
(278, 237, '3515122303750001', 'M YUSUF', 'KETIMANG RT.007 RW.002 DS. KETIMANG KEC. WONOAYU'),
(279, 237, '3515111211750006', 'SUGENG WAHYUDI', 'BIBIS TIMUR RT.007 RW.002 DS. TAMBAKKEMERAKAN KEC. KRIAN'),
(282, 237, '3515122305980003', 'EBBING FEBIO FERNANDO', 'GRESIKAN NO. 19 RT.007 RW.002 DS. KRIAN KEC. KRIAN'),
(285, 253, '3515041101970001', 'SAMSUL ARIFIN', 'TANGGULREJO RT.003 RW.006 DS. PORONG KEC. PORONG'),
(286, 253, '3515084703930002', 'HIDAYATUS SHOLICHA', 'SLAUTAN GG KEL RT.017 RW.003 DS. SIDOKUMPUL KEC. SIDOARJO'),
(287, 253, '3578072607820003', 'MUHAMMAD IRFAN ARIEF', 'BLAURAN 5/10 RT.005 RW.001 DS. GENTENG KEC. GENTENG KOTA SURABAYA'),
(288, 253, '3515081603870001', 'BUYUNG PUTRA MAHARDIKA', 'HANGTUA II/72 RT.016 RW.006 DS. SIDOKLUMPUK KEC. SIDOARJO'),
(289, 253, '3515070512970005', 'YUNUS AL FARID', 'BLIGO RT.002 RW.001 DS. BLIGO KEC. CANDI'),
(290, 253, '3515080212800007', 'KURNIAWAN ANGGIT PRABOWO', 'JL. JENGGOLO GG. IV/42 A RT.013 RW.003 DS. PUCANG KEC. SIDOARJO'),
(291, 253, '3515081109050002', 'MUHAMMAD RAKA FAREZEL', 'JL. KH. SAMANHUDI RT.013 RW.002 DS. BULUSIDOKARE KEC. SIDOARJO'),
(292, 253, '3515082810020002', 'MUCHAMMAD FATHUL RAHMAN AL FAUZI', 'KEMIRI RT.003 RW.001 DS. KEMIRI KEC. SIDOARJO'),
(293, 253, '3515090110820001', 'EKO ANDRIANTO', 'KEPATIHAN RT.003 RW.004 DS. KEPATIHAN KEC. TULANGAN'),
(294, 253, '1703140406020003', 'RISKI SAPUTRA', 'BLURUREJO RT.008 RW.002 DS. BLURUREJO KEC. TEMPURSARI KABUPATEN LUMAJANG'),
(295, 253, '3515080106930001', 'MUSOFFA ADHA', 'JL. HANG TUAH 2/85 RT.016 RW.006 DS. SIDOKLUMPUK KEC. SIDOARJO'),
(296, 253, '3515082409830003', 'HENDRA', 'DS. KEDONDONG RT.007 RW.002 DS. KEDONDONG KEC. TULANGAN'),
(297, 253, '3515152110020003', 'RASI SIWI KOMANTARA', 'SONO RT.003 RW.004 DS. SIDOKERTO'),
(298, 253, '3515072112030001', 'DANU PRAKOSO', 'KEDUNGMULYO RT.002 RW.001 DS. KEDUNGPELUK KEC.CANDI'),
(299, 253, '3515072109570003', 'SUBURIYANTO', 'BALONGGABUS RT.002 RW.001 DS. BALONGGABUS KEC.CANDI'),
(300, 253, '3515072902640002', 'HERU BUDI WIJAYA', 'JL. KUNCORO RT.006 RW.002 DS. KLURAK KEC. CANDI'),
(301, 253, '3515070704970001', 'HARIANTO', 'KEDUNGMULYO RT.002 RW.001 DS. KEDUNGPELUK KEC.CANDI'),
(302, 253, '3526141306760001', 'JAILANI', 'PERUM ISTANA MEGA ASRI D 69 KEL. SUMOKALI KEC. CANDI'),
(303, 237, '3515071607760002', 'ANANG CAHYONO', 'KEDUNGPELUK RT.001 RW.002 DS. KEDUNGPELUK KEC. CANDI'),
(305, 260, '3515070101850004', 'BARU EDI HARIYANTO', 'DSN. SUDO RT.007 RW. 003 DS. SIDODADI KEC. CANDI'),
(306, 261, '3515110612690003', 'SUCIPTO', 'BIBIS TIMUR RT. 007 RW. 002 KEL. TAMBAKKEMERAKAN KRIAN SIDOARJO'),
(307, 261, '3517081303820007', 'SLAMET WAHYUDI', 'BIBIS RT. 007 RW. 002 KEL. TAMBAKKEMERAKAN KRIAN SIDOARJO'),
(308, 261, '3578043006610016', 'SAWABI', 'SIDOMUKTI RT. 010 RW.002 KEL. SIDOKUMPUL SIDOARJO'),
(309, 259, '3515062005770003', 'DWI PURWANDI', 'JL. LEMAHPUTRO NO.1 H RT.008 RW.002 DS. LEMAHPUTRO KEC. SIDOARJO'),
(310, 259, '3515113107000003', 'MOCH AMIR FAISAL', 'DSN GRESIKAN RT.006 RW.002 DS. KRIAN KEC. KRIAN'),
(311, 259, '3515080905800007', 'KUSNUL ARIFIN', 'PANJUNAN I/117 A RT.019 RW.003 DS. BULUSIDOKARE KEC. SIDOARJO'),
(312, 259, '3515082209790008', 'SONNY PURNAWAN', 'PANJUNAN I/301 RT.021 RW.003 DS. BULUSIDOKARE KEC. SIDOARJO');

-- --------------------------------------------------------

--
-- Table structure for table `jukir_utama`
--

CREATE TABLE `jukir_utama` (
  `id` int(11) NOT NULL,
  `no_spmt` varchar(50) DEFAULT NULL,
  `nik` varchar(20) DEFAULT NULL,
  `nama_lengkap` varchar(150) DEFAULT NULL,
  `ttl` varchar(100) DEFAULT NULL,
  `alamat` text DEFAULT NULL,
  `no_telp` varchar(20) DEFAULT NULL,
  `id_lokasi` int(11) DEFAULT NULL
) ENGINE=InnoDB DEFAULT CHARSET=utf8mb4 COLLATE=utf8mb4_general_ci;

--
-- Dumping data for table `jukir_utama`
--

INSERT INTO `jukir_utama` (`id`, `no_spmt`, `nik`, `nama_lengkap`, `ttl`, `alamat`, `no_telp`, `id_lokasi`) VALUES
(111, '001', '3515081406830001', 'H. M. SLAMET UTOMO', 'SIDOARJO 14-08-1963', 'PANJUNAN I/111-A RT. 019 RW. 003 KEL. BULUSIDOKARE SIDOARJO', '082229980339', 112),
(112, '002', '3515084607680006', 'ROMLAH', 'SAMPANG, 06-07-1968', 'KEBONSARI KOTA RT.027 RW.004 DS. BULUSIDOKARE KEC. SIDOARJO', '085655595845', 113),
(113, '003', '3527022202880001', 'ABD. WONI', 'SAMPANG, 22-02-1988', 'DSN. KARA TIMUR RT.- RW.- DS. KARA KEC. TORJUN KABUPATEN SAMPANG', '085940862465', 114),
(114, '004', '3515080201670009', 'SUPODO', 'MOJOKERTO, 02-01-1967', 'LEMAHPUTRO 3/02 RT.022 RW.004 DS. LEMAHPUTRO KEC. SIDOARJO', '085648731980', 115),
(115, '005', '3527020403840004', 'MAKKI', 'SAMPANG, 04-03-1984', 'DSN. PANGSOBIH RT.000 RW.000 DS. KARA KEC. TORJUN', '083843206431', 116),
(116, '006', '3578150307810005', 'MOH. FAHMI HASIM', 'SAMPANG, 03-07-1981', 'TAMBAK ASRI WIJAYA KUSUMA 1/24 RT.024 RW.006 DS. MOROKREMBANGAN KEC. KREMBANGAN KOTA SURABAYA', '085935236561', 117),
(117, '007', '3515082012650004', 'NUR SISWOYO TIKNO W', 'SURABAYA, 20-12-1965', 'BABATAN RT.011 RW.003 DS. JATI KEC. SIDOARJO', '089696698544', 118),
(118, '008', '3515081007760001', 'ALI ASMAD', 'SAMPANG 10-07-1976', 'JALAN JOGOYUDO II/168 RT. 009 RW. 003 KEL. SEKARDANGAN SIDOARJO', '087752783076', 119),
(119, '009', '3509100404730001', 'SAMSUL ARIFIN', 'JEMBER 04-04-1973', 'DUSUN SUMBERKADUT RT. 001 RW. 006 KEL. BALUNGKIDUL JEMBER', '087861910848', 120),
(120, '010', '3515081507800006', 'ROCHMAD FACHRUDI', 'SIDOARJO 15-07-1980', 'KAUMAN I/227 RT. 005 RW. 002 KEL. PEKAUMAN SIDOARJO', '089612608504', 121),
(121, '011', '3515071406840004', 'MOHAMMAD CHUSAINI', 'SIDOARJO 14-06-1984', 'JALAN SINGGOMENGGOLO V KAVLING GANTINGASRI NO. 15 RT. 003 RW. 001 DESA GANTING GEDANGAN SIDOARJO', '082230727321', 122),
(122, '012', '3515083006600008', 'SADIN', 'SAMPANG, 30-06-1980', 'PERUM BLURU CA-06 RT.003 RW.014 DS. BLURU KIDUL KEC. SIDOARJO', '083824735227', 123),
(123, '013', '3527080412070001', 'ABDULLOH', 'SIDOARJO, 04-12-2007', 'PERUM BLURU PERMAI BLOK BK-03 RT.002 RW.011 DS. BLURUKIDUL KEC. SIDOARJO', '087865202817', 124),
(124, '014', '3515081012790008', 'NANANG SUPRAPTO', 'SIDOARJO, 10-12-1979', 'JL. TEUKU UMAR I/74 RT.006 RW.003 DS. MAGERSARI KEC. SIDOARJO', '083857557887', 125),
(125, '015', '3515082011060004', 'NOVANANDA DWI ARDIANSYAH', 'SIDOARJO, 20-11-2006', 'JL. TEUKU UMAR RT.008 RW.003 DS. MAGERSARI KEC. SIDOARJO', '087728145085', 126),
(126, '016', '3578131402770001', 'MOCH. ISMAIL', 'SURABAYA 14-02-1977', 'DUPAK TIMUR IV/86 SURABAYA RT. 009 RW. 008 KEL. JEPARA BUBUTAN SURABAYA', '085704002963', 127),
(127, '017', '3515072705870002', 'ARIS PURWANTO', 'SIDOARJO 27-05-1987', 'DUSUN KAUMAN RT. 002 RW. 001 KEL.SEPANDE CANDI SIDOARJO', '081330138339', 128),
(128, '018', '3515082905740004', 'SULISTIYONO', 'SIDOARJO, 29-05-1977', 'KRANGGAN II/19 RT.022 RW.004 DS. SIDOKUMPUL KEC. SIDOARJO', '08817091680', 129),
(129, '019', '3515081707800010', 'MOCHAMMAD CHUSNUL HUDAH', 'SIDOARJO, 17-07-1980', 'JL. JOGOYUDO 92 RT.008 RW.003 DS. SEKARDANGAN KEC. SIDOARJO', '085819771700', 130),
(130, '020', '3527060205900009', 'ABD. GHAFFAR', 'SAMPANG, 05-05-1990', 'NYAMPLUNG RT.019 RW.004 DS. SUMOKALI KEC. CANDI', '083110766152', 131),
(131, '021', '3578043101860008', 'DJAMAL LULIL', 'SURABAYA, 31-01-1986', 'PULO WONOKROMO 88 RT.013 RW.007 DS. WONOKROMO KEC. WONOKROMO KOTA SURABAYA', '08113453311', 132),
(132, '022', '3527140612680003', 'SANTOSO', 'JOMBANG, 06-12-1968', 'JL. GATOT SUBROTO RT.001 RW.001 DS. LARANGAN KEC. SIDOARJO', '081217317966', 133),
(133, '023', '3515082209860006', 'FATKHUR ROHMAN', 'SIDOARJO 22-09-1986', 'KEDUNGPELUK RT. 003 RW. 001 DESA KEDUNGPELUK CANDI SIDOARJO', '082336782697', 134),
(134, '024', '3515080208810010', 'SLAMET RIYANTO', 'MOJOKERTO, 02-08-1981 ', 'PRABAN SELATAN RT.001 RW.001 DS. SIDOKARE KEC. SIDOARJO', '081770765876', 135),
(135, '025', '3515082909800001', 'EKO KHURNIAWAN', 'SIDOARJO 29-09-1980', 'DUSUN KRAJAN RT. 071 RW. 005 KEL. SEPANDE CANDI SIDOARJO', '0895420829400', 136),
(136, '026', '3515080101870015', 'SAPIRIN', 'BANGKALAN 10-01-1988', 'JALAN KAHURIPAN RT.016 RW. 005 KEL. CELEP SIDOARJO', '085935362037', 137),
(137, '027', '3515080703740002', 'MOH HOLIL', 'BANGKALAN, 07-03-1974', 'CELEP SELATAN RT.010 RW.003 DS. CELEP KEC. SIDOARJO', '083172252575', 138),
(138, '028', '3515080807730007', 'SLAMET BASUKI', 'SIDOARJO, 08-07-1973', 'GAJAH MAGERSARI RT.020 RW.006 DS. MAGERSARI KEC. SIDOARJO', '082142009191', 139),
(139, '029', '3515081310840007', 'M. TORIQ', 'SIDOARJO, 13-10-1984', 'DS. BLOGO RT.014 RW.006 DS. BLILGO KEC. CANDI', '085730088834', 140),
(140, '030', '3515070806820003', 'IWAN', 'SIDOARJO, 08-06-1982', 'SEPANDE RT.004 RW.002 DS. SEPANDE KEC. CANDI', '081330400730', 141),
(141, '031', '3515082308720001', 'SAMSURI', 'MADURA, 23-08-1973', 'JL. KH MUKMIN RT.005 RW.002 DS. SIDOKARE KEC. SIDOARJO', '082245438446', 142),
(142, '032', '3527032008830007', 'JAPPAR', 'SAMPANG, 01-07-1983', 'JL. KH MUKMIN 92 RT.006 RW.002 DS. SIDOKARE KEC. SIDOARJO', '081252330958', 143),
(143, '033', '3515080904030003', 'HASANUDIN', 'SIDOARJO, 09-04-2003', 'JL. R. PATAH GG I/NO.74 RT.009 RW.003 DS. PEKAUMAN KEC. SIDOARJO', '089515979313', 144),
(144, '034', '3515082312690002', 'HEROE SULAKSONO', 'SIDOARJO 23-12-1969', 'MAGERSARI RT.003 RW. 001 KEL. MAGERSARI SIDOARJO', '081216511418', 145),
(145, '035', '3515153001950002', 'RIZAL AMRI PRATAMA', 'SIDOARJO 30-01-1995', 'MAGERSARI 3 GANG LANGGAR NO. 3 RT. 003 RW. 001 KEL. MAGERSARI SIDOARJO', '089518756869', 146),
(146, '036', '3515162609710002', 'SUHADAK', 'SURABAYA 25-09-1971', 'JALAN RENCONG II/29 RT. 001 RW. 003 KEL. TEBEL GEDANGAN SIDOARJO', '085607752425', 147),
(147, '037', '3515081909720006', 'KOIRUL ANAM', 'SIDOARJO 19-09-1972', 'DESA SARIROGO RT. 011 RW. 003 KEL. SARIROGO SIDOARJO', '085707824408', 148),
(148, '038', '3515081307640003', 'CHOIRUL SAINUDIN', 'SURABAYA 13-07-1984', 'GAJAH MAGERSARI RT. 011 RW. 004 KEL. MAGERSARI SIDOARJO', '085136749946', 149),
(149, '039', '6515162811740002', 'NOVICA KRIS VERTICAL', 'SIDOARJO 28-11-1974', 'JALAN DR. SOETOMO III/14B RT. 004 RW. 002 KEL. MAGERSARI', '081259481414', 150),
(150, '040', '3515082810730003', 'SAIFUL BACHRI', 'SIDOARJO, 28-10-1973', 'PANDEAN II / 381A RT.002 RW.001 DS. PEKAUMAN KEC. SIDOARJO ', '087721098809', 151),
(151, '041', '3515082702770007', 'TONI ARI KUSMIRAN', 'SIDOARJO 27-02-1977', 'PERUM MAGERSARI PERMAI BLOK AK-17 RT. 042 RW. 007 KEL.MAGERSARI SIDOARJO', '087865823338', 152),
(152, '042', '3578170907760006', 'HORI', 'SAMPANG 09-07-1976', 'DESA SIDOMULYO KAVLING 23 RT. 001 RW. 001 KEL. SIDOMULYO BUDURAN SIDOARJO', '083878105582', 153),
(153, '043', '3515080503750003', 'M. JAMALUDIN', 'SIDOARJO, 05-03-1975', 'PANJUNAN I RT.021 RW.003 DS. BULUSIDOKARE KEC. SIDOARJO', '085921173341', 154),
(154, '044', '3515080512720008', 'SAPUAT', 'SIDOARJO 5-12-1972', 'GAJAH MAGERSARI RT. 014 RW. 005 KEL. MAGERSARI SIDOARJO', '089528257552', 155),
(155, '045', '3515040101650068', 'SAMI\'AN', 'SIDOARJO, 01-01-1965', 'DSN. SIMOREJO RT.018 RW.005 DS.KESAMBI KEC.PORONG', '-', 156),
(156, '046', '3508110209770006', 'MINKARI', 'LUMAJANG 02-09-1977', 'DUSUN KRAJAN RT. 002 RW. 001 KEL. JAMBEKUMBU PASRUJAMBE LUMAJANG', '085607488729', 157),
(157, '047', '1214256510880001', 'MENITINA LAIA', 'BOWOLUO 25-10-1988', 'JL. KH MUKMIN NO.15 KEL. SIDOKARE RT. 005 RW. 002 KEL SIDOKARE SIDOARJO', '085336880516', 158),
(158, '048', '3515082301780001', 'ANDIK SETIAWAN', 'SIDOARJO, 23-01-1978', 'SIDOMUKTI I/69 RT.009 RW.002 DS. SIDOKUMPUL KEC. SIDOARJO', '085385234637', 159),
(159, '049', '3515082907720003', 'HARY SUBIANTO', 'SIDOARJO 29-07-1972', 'SIDOMUKTI I/23 RT. 008 RW.002 KEL. SIDOKUMPUL SIDOARJO', '082257503318', 160),
(160, '050', '3515082010780017', 'TOHA', 'SAMPANG 20-10-1978', 'BLURU PERMAI CA-05 RT. 003 RW. 014 KEL. BLURUKIDUL SIDOARJO', '082331217902', 161),
(161, '051', '3527060406700004', 'MATSALIM', 'SAMPANG 01-02-1987', 'DSN TANGKETANG RT. 000 RW. 000 KEL. RABASAN CAMPLONG SAMPANG', '087741017519', 162),
(162, '052', '3527081205860002', 'AHMAD', 'SAMPANG 12-05-1984', 'DSN. SOMBER RT. 000 RW. 000 KEL. SOMBER TAMBELANGAN SAMPANG', '088805806484', 163),
(163, '053', '3515080101800016', 'MAHFUD', 'SAMPANG 01-01-1980', 'KUTUK BARAT RT. 010 RW. 003 KEL. SIDOKARE SIDOARJO', '087814939600', 164),
(164, '054', '3515070705580001', 'BAHARI STIOK', 'SIDOARJO 07-05-1958', 'CANDI JAYA RT. 018 RW. 005 CANDI SIDOARJO', '081333111954', 165),
(165, '055', '3515084311840001', 'DWI KURNIA S', 'SIDOARJO, 03-11-1984', 'BALONG RT.003 RW.001 DS. SIDOKUMPUL KEC. SIDOARJO', '085807184075', 166),
(166, '056', '3515080103750005', 'MARDIANTO', 'SIDOARJO 01-03-1975', 'JL. KSP M. DURYAT I/26 RT. 002 RW. 001 KEL. SIDOKUMPUL SIDOARJO', '082234103659', 167),
(167, '057', '3515081211750005', 'MOH. MUNIR', 'SIDOARJO 12-11-1975', 'KOMBESPOL M. DURYAT 10 RT. 001 RW. 001 KEL. SIDOKUMPUL SIDOARJO', '082132712250', 168),
(168, '058', '3526141405940002', 'ABD. KARIM', 'BANGKALAN 10-10-1991', 'DSN. MASJID RT. 000 RW. 000 KEL. KEMONENG TRAGAH BANGKALAN', '087869994004', 169),
(169, '059', '3578163006830055', 'ROMLI', 'SAMPANG, 30-06-1983', 'TENGGUMUNG WETAN 5-C/10 RT.005 RW.008 DS. WONOKUSUMO KEC. SEMAMPIR KOTA SURABAYA', '081703285792', 170),
(170, '060', '3515083101790001', 'ANDI WINARTO', 'SIDOARJO 31-01-1979', 'SIDOKARE RT. 006 RW. 007 KEL. SIDOKARE SIDOARJO', '081252896788', 171),
(171, '061', '3578162005820010', 'MASSUD', 'SURABAYA 20-05-1982', 'WONOKUSUMO JAYA BARU 6/9 RT. 012 RW. 011 KEL. PEGIRIAN SEMAMPIR SURABAYA', '08388991008', 172),
(172, '062', '3515083007570004', 'SATUPAN SUYITNO', 'SIDOARJO 30-07-1657', 'CELEP SELATAN RT. 009 RW. 003 KEL. CELEP SIDOARJO', '087703365565', 173),
(173, '063', '3515072711900003', 'MOH. KHABIB ARDIANSYAH', 'SIDOARJO, 27-11-1990', 'NGAMPELSARI RT.006 RW.003 DS. NGAMPELSARI KEC. CANDI', '0895342237849', 174),
(174, '064', '3515081703760005', 'MUSLEH', 'BANGKALAN 17-03-1976', 'JAMBOAN RT. 015 RW. 003 KEL. PUCANG ANOM SIDOARJO', '085706623526', 175),
(175, '065', '3515071810630005', 'TARTO SUBAGIJO', 'SURABAYA 18-10-1963', 'MUTIARA CITRA ASRI C4/2 RT. 001 RW. 011 KEL. SUMORAME CANDI SIDOARJO', '089699795559', 176),
(176, '066', '3515080601730002', 'HAIRIL ANSORI', 'SUKABUMI 06-01-1973', 'PRABAN TIMUR RT. 003 RW. 001 KEL. SIDOKARE SIDOARJO', '085104413186', 177),
(177, '067', '3578152202760001', 'ISMAIL', 'SURABAYA, 22-02-1976', 'DS. SOROK RT.000 RW.000 DS. SAGGRA AGUNG KEC. SOCAH KABUPATEN BANGKALAN', '085746597273', 178),
(178, '068', '3578063006770015', 'SUBEH', 'SAMPANG, 30-06-1977', 'DSN. SOMBER RT.000 RW.000 DS. SOMBER KEC. TAMBELANGAN KABUPATEN SAMPANG', '083853275331', 179),
(179, '069', '3509101005860010', 'ROBBI FATONI', 'JEMBER, 10-05-1986', 'PRABAN TIMUR RT.003 RW.001 DS. SIDOKARE KEC. SIDOARJO', '087881051293', 180),
(180, '070', '3515072402900002', 'M. ZAKARIYA', 'SIDOARJO 24-02-1990', 'DSN MAJU RT. 008 RW. 003 KEL. TENGGULUNAN CANDI SIDOARJO', '082231149829', 181),
(181, '071', '3515080506780002', 'HERIYANTO', 'SIDOARJO 05-06-1978', 'KUTUK TENGAH RT. 009 RW. 007 KEL. SIDOKARE SIDOARJO', '0895342323762', 182),
(182, '072', '3578160506630002', 'HOIRI', 'SAMPANG, 05-06-1963', 'JATIPURWO 6/15 RT.002 RW.013 DS. UJUNG KEC. SEMAMPIR', '081226114544', 183),
(183, '073', '3515132912780003', 'SUHRON', 'BANGKALAN, 29-12-1978', 'JENEK KULON RT.007 RW.002 DS. KREMBANGAN KEC. TAMAN', '08992261515', 184),
(184, '074', '3525082607800002', 'AGUS SANTOSO', 'NGANJUK, 26-07-1980', 'SIDORAHARJO RT.003 RW.001 DS. SIDORAHARJO KEC. KEDAMEAN KABUPATEN GRESIK', '081231317979', 185),
(185, '075', '3515180609820007', 'SIPUL HADI', 'SAMPANG, 06-09-1982', 'JL. BRIGJEN KATAMSO RT.026 RW.006 DS. KEDUNGREJO KEC. WARU', '087872313655', 186),
(186, '076', '3515130510750007', 'SUGIANTO', 'SIDOARJO, 05-10-1975', 'WONOCOLO RT.006 RW.003 DS. WONOCOLO KEC. TAMAN', '085731432410', 187),
(187, '077', '3526100107720312', 'SUPAJI', 'BANGKALAN, 01-07-1972', 'NGELOM MEGARI RT.005 RW.001 DS. NGELOM KEC. TAMAN', '085748097864', 188),
(188, '078', '3515181307880005', 'MOCH. UMAR FARUQ', 'SURABAYA, 14-01-1989', 'NGENI RT.001 RW.002 DS. KEPUH KIRIMAN KEC. WARU', '081938844484', 189),
(189, '079', '3515161408720001', 'CONDRO BUDI SANTOSO', 'SIDOARJO, 14-08-1972', 'GEDANGAN RT.004 RW.001 DS. GEDANGAN KEC. GEDANGAN', '082228806660', 190),
(190, '080', '3515083009650007', 'MOCH. SIBAN', 'PASURUAN, 30-09-1965', 'JL. R PATAH I/93 RT.010 RW.003 DS. PEKAUMAN KEC. SIDOARJO', '085815587758', 191),
(191, '081', '3515030701790003', 'YUYUT SETIAWAN', 'SIDOARJO, 07-01-1979', 'KANDANGAN RT.005 RW.003 DS. KANDANGAN KEC. KREMBUNG', '087852770583', NULL),
(192, '082', '3515090206830002', 'WATENO', 'SIDOARJO, 02-06-1983', 'KEBARON SELATAN RT.001 RW.003 DS. KEBARON KEC. TULANGAN', '085851361431', NULL),
(193, '083', '3515021810840002', 'ACHMAD ROBI', 'KEDIRI, 18-10-1984', 'TEMU GG.3 RT.006 RW.003 DS. TEMU KEC. PRAMBON', '085764206982', 194),
(194, '084', '3515042210940003', 'OKTAFIANUS CHAYO ANDI', 'SIDOARJO, 22-10-1994', 'PANDOKAN RT.005 RW.001 DS. LAJUK KEC. PORONG', '081333807206', 195),
(195, '085', '3515090210020001', 'FADHLILLAH IHTIFAZHUDDIN', 'SIDOARJO, 02-10-2002', 'MULYOSEJATI RT.003 RW.001 DS. GRINTING KEC. TULANGAN', '085162725560', 196),
(196, '086', '3515040506740005', 'SOBIRIN', 'SURABAYA, 05-06-1954', 'KEDUNGSOLO RT.004 RW.002 DS. KEDUNGSOLO KEC. PORONG', '0895338394516', 197),
(197, '087', '3515102607850001', 'MOHAMMAD SYAIFUDIN', 'SIDOARJO, 26-07-1985', 'DSN. JABON RT.003 RW.003 DS. KAJARTENGGULI KEC. PRAMBON', '085733918823', 198),
(198, '088', '3515112604910006', 'DENNY HERDIONO', 'SURABAYA, 26-04-1991', 'WONOCOLO RT.004 RW.002 DS. WONOCOLO KEC. TAMAN', '0895374930020', 199),
(199, '089', '3515091512860003', 'AGUS SUPRIANTO', 'SIDOARJO, 15-12-1986', 'KEPADANGAN RT.014 RW.005 DS. KEPADANGAN KEC. TULANGAN', '083871730796', 200),
(200, '090', '3515070512670005', 'SUBEKTI FAUZY', 'SIDOARJO, 05-12-1967', 'GRIYA SURYA ASRI A5 12A RT.004 RW.004 DS. BALONGDOWO KEC. CANDI', '085232548470', 201),
(201, '091', '3527031106030003', 'HOBIR', 'SAMPANG, 11-06-2003', 'DSN.. KANDANGAN RT.000 RW.000 DS. BANYUMAS KEC. SAMPANG KABUPATEN SAMPANG', '081282382112', 202),
(202, '092', '3515135502770004', 'HJ. YATIK ARINI', 'SIDOARJO, 15-02-1977', 'WONOCOLO RT.022 RW.007 DS. WONOCOLO KEC. TAMAN', '082141221499', 203),
(203, '093', '3515131702010001', 'ABDUL HAQ', 'SIDOARJO, 17-02-2001', 'WONOCOLO RT.022 RW.007 DS. WONOCOLO KEC. TAMAN', '08133520717', 204),
(204, '094', '3515142707810002', 'RUDIYANTO', 'SIDOARJO, 27-07-1981', 'PEKARUNGAN RT.020 RW.007 DS. PEKARUNGAN KEC. SUKODONO', '085806826031', 205),
(205, '095', '3515111101570001', 'DRS. HARNANTO', 'SURABAYA, 11-01-1957', 'DSN. KEMANGSEN UTARA RT.003 RW.001 DS. KEMANGSEN KEC. BALONGBENDO', '081398431383', 206),
(206, '096', '3515040109910001', 'HERI RISDIYANTO', 'SIDOARJO 01-09-1991', 'WILAYUT RT. 011 RW. 003 KEL. WILAYUT SUKODONO SIDOARJO', '081217827203', 207),
(207, '097', '3526021303980004', 'NUR HASAN', 'BANGKALAN, 13-03-1998', 'DSN. SANGGRA AGUNG TIMUR RT.000 RW.000 DS. SANGGARA AGUNG KEC. SOCAH KABUPATEN BANKALAN', '081770639003', 208),
(208, '098', '3515111601630001', 'SAMIAN', 'BANGKALAN, 16-01-1963', 'KRAJAN TIMUR RT.020 RW.004 DS. KRIAN KEC. KRIAN', '087765763405', 209),
(209, '099', '3515110408800006', 'SUNARTO', 'SIDOARJO, 04-08-1980', 'NGINGAS TIMUR RT.032  RW.007 DS. KRIAN KEC. KRIAN', '081226140718', 210),
(210, '100', '3526070107930182', 'ISMAIL ARDIANSYAH', 'BANGKALAN, 19-05-1983', 'DSN. GE\'ONGGE\'EN RT.006 RW.006 DS. TENGGUN DAJAH KEC. KLAMPIS KABUPATEN BANGKALAN', '085731341469', 211),
(211, '101', '3515161511720005', 'MARSUDIN', 'BANGKALAN, 15-11-1972', 'GEDANGAN RT.004 RW.007 DS. GEDANGAN KEC.. GEDANGAN', '081938366601', 212),
(212, '102', '3578102404880005', 'ROMADHON', 'SURABAYA, 24-04-1988', 'KAPAS BARU 11/87 RT.014 RW.007 DS. KAPASMADYA BARU KEC. TAMBAK SARI KOTA SURABAYA', '087853321999', 213),
(213, '103', '3515112206675001', 'AMRUL SOLLY', 'SIDOARJO 22-07-1975', 'PERUM TAMAN SIDOREJO BLOK F1-17 RT. 042 RW. 009 KEL. SIDOREJO KRIAN SIDOARJO', '0857454000083', 214),
(214, '104', '3515123108840004', 'DIDIT DWI SUNARKO', 'SIDOARJO,31-08-1984', 'SEDURI RT.005 RW.002 DS. SEDURI KEC. BALONGBENDO', '08885776441', 215),
(215, '105', '3515112008855001', 'AGUS RAHMAD', 'SIDOARJO 20-08-1985', 'DSN. KASAK RT. 006 RW. 003 KEL. TERUNGKULON KRIAN SIDOARJO', '085731561744', NULL),
(216, '106', '15110707730003', 'HARIYANTO', 'SIDOARJO, 09-07-1972', 'KRAJAN TENGAH RT.024 RW.005 DS. KRIAN KEC. KRIAN', '088989396316', 217),
(217, '107', '3515111708910001', 'DONI FIRMANSYAH DWI HANDOKO', 'SIDOARJO, 17-08-1991', 'SIDOMUKTI RT.005 RW.002 DS. KRATON KEC. KRIAN', '085732364600', 218),
(218, '108', '3515110189940003', 'MUCH. ARIF', 'SIDOARJO 01-06-1994', 'KRAJAN TIMUR RT. 020 RW. 004 KRIAN SIDOARJO', '085942999245', 219),
(219, '109', '3515130107910006', 'MUCHAMAD RUBA\'I', 'BANGKALAN 01-07-1991', 'BEBEKAN SELATAN RT. 025 RW. 007 KEL. BEBEKAN TAMAN SIDOARJO', '087728837692', 220),
(220, '110', '3515101012750004', 'MOHAMMAD SAM\'UN', 'SIDOARJO, 10-12-1974', 'SIMOKIDUL RT.006 RW.003 DS. SIMOKETAWANG KEC. WONOAYU', '083829012094', 221),
(221, '111', '3526120205940004', 'MAHIN', 'BANGKALAN, 16-10-1994', 'JL. TRUNOJOYO PERUM KALIMAS BLOK A7 RT.001 RW.001 DS. TANJUNGREJO KEC. LOCERET KABUPATEN NGANJUK', '085646690812', 222),
(222, '112', '3515172212690006', 'SUHAERI', 'MADURA, 22-12-1969', 'TAMAN UTARA RT.007 RW.002 DS. TAMAN KEC. TAMAN', '-', 223),
(223, '113', '3515100101840002', 'BAMBANG CAHAYA MUSTAKIM', 'SIDOARJO, 04-08-1983', 'DSN. TANGGUL KULON RT.003 RW.001 DS. TANGGUL KEC. WONOAYU', '-', 224),
(224, '114', '3515130411800002', 'SLAMET', 'SIDOARJO 04-11-1980', 'DSN. BRINGIN WETAN RT. 001 RW. 005 KEL. BRINGINBENDO TAMAN SIDOARJO', '085231175526', 225),
(225, '115', '3515064607870001', 'NUR JANNAH', 'SIDOARJO 06-07-1987', 'KETEGAN RT. 004 RW. 001 KEL. KETEGAN TANGGULANGIN SIDOARJO', '0881026602896', 226),
(226, '116', '3515110704740002', 'FADELAN', 'SIDOARJO, 07-04-1974', 'MADUBRONTO RT.028 RW.007 DS. SIDOREJO KEC. KRIAN', '081231494988', 227),
(227, '117', '3515040106750004', 'SUCIPTO', 'SIDOARJO, 01-06-1976', 'JL. WR SUPRATMAN RT.015 RW.005 DS. GEDANG KEC. PORONG', '082336035792', 228),
(228, '118', '3515040208720001', 'AGUS PRIYANTO', 'SIDOARJO, 02-08-1972', 'KEPER RT.005 RW.003 DS. KEPER KEC. KREMBUNG', '081330323985', 229),
(229, '119', '3515052201860001', 'MIFTACHUDIN', 'SIDOARJO, 22-01-1986', 'JL. BHAYANGKARI RT.005/002 DS. JUWETKENONGO KEC. PORONG', '085850266810', 230),
(230, '120', '3515061101660002', 'SUROSO', 'SIDOARJO 11-01-1966', 'JL. PEMBANGUNAN 80 RT. 006 RW. 002 KEL. KETAPANG TANGGULANGIN SIDOARJO', '081703118069', 231),
(231, '121', '3515041307920001', 'ANGGA SAGARA PUTRA PRATAMA', 'SIDOARJO 13-07-1992', 'MINDI RT. 007 RW. 001 KEL. MINDI PORONG SIDOARJO', '085655205244', 232),
(232, '122', '351511807500001', 'SODIK', 'LUMAJANG, 18-07-1950', 'KRAJAN TIMUR RT.020 RW.004 DS. KRIAN KE. KRIAN', '085257235557', 233),
(233, '123', '3515031007770004', 'LESTIONO', 'SIDOARJO, 10-07-1977', 'DSN. BUNTUT RT.011 RW.006 DS. MOJORUNTUT KEC. KREMBUNG', '08993769410', 234),
(234, '124', '35150708800730002', 'HARYATIM', 'SIDOARJO 08-11-1973', 'JL. RAYA BLIGO 92 B RT. 005 RW. 002 KEL. BLIGO CANDI SIDOARJO', '089682239489', 235),
(235, '125', '3515080103680011', 'MUKLIS', 'SURABAYA 01-03-1968', 'SIDOWAYAH TALUN II RT. 013 RW. 004 KEL. CELEP SIDOARJO', '0885143994079', 236),
(236, '126', '3526020107960238', 'MOH. IDRIS', 'BANGKALAN 01-07-1996', 'KATERUNGAN RT. 006 RW. 001 KEL. KATERUNGAN KRIAN SIDOARJO', '085847894553', 237),
(237, '168', '3515083009810002', 'AGUNG KURNIAWAN', 'SIDOARJO 30-09-1981', 'SERUJO GG GAJAH RT. 010 RW. 002 KEL. PUCANGANOM SIDOARJO', '085791180036', 238),
(253, '341', '3515081011900005', 'ALI MAKMUN MUROD', 'SIDOARJO, 10-11-1990', 'SLAUTAN III RT.015 RW.003 DS. SIDOKUMPUL KEC. SIDOARJO', '089525359751', 254),
(259, '', '3515040909660001', 'BUDIONO', 'SIDOARJO, 09-09-1966', 'JUWETKENONGO RT.014 RW.004 DS. JUWETKENONGO KEC. PORONG', '087729808509', 260),
(260, '268', '3515072910940003', 'DAVID HARIANTO', 'SIDOARJO, 29-10-1994', 'DSN. SUDO RT.007 RW.003 DS. SIDODADI KEC. CANDI', '0881026318715', 261),
(261, '382', '3515112409720001', 'SUYANTO', 'SIDOARJO, 24-09-1972', 'BIBIS TIMUR RT. 007 RW. 002 KEL. TAMBAKKEMERAKAN KRIAN SIDOARJO', '081249772081', 262);

-- --------------------------------------------------------

--
-- Table structure for table `lokasi`
--

CREATE TABLE `lokasi` (
  `id` int(11) NOT NULL,
  `kode_qris` varchar(50) DEFAULT NULL,
  `nama_lokasi` varchar(255) DEFAULT NULL,
  `titik_parkir` enum('TJU','TPK') DEFAULT NULL COMMENT 'TJU: Tepi Jalan Umum, TPK: Tempat Khusus Parkir',
  `nominal_retribusi` decimal(10,2) DEFAULT NULL,
  `target_bulanan` decimal(15,2) DEFAULT NULL,
  `terbilang_target` text DEFAULT NULL,
  `foto` varchar(255) DEFAULT NULL,
  `latitude` decimal(10,8) DEFAULT NULL,
  `longitude` decimal(11,8) DEFAULT NULL,
  `created_at` timestamp NOT NULL DEFAULT current_timestamp()
) ENGINE=InnoDB DEFAULT CHARSET=utf8mb4 COLLATE=utf8mb4_general_ci;

--
-- Dumping data for table `lokasi`
--

INSERT INTO `lokasi` (`id`, `kode_qris`, `nama_lokasi`, `titik_parkir`, `nominal_retribusi`, `target_bulanan`, `terbilang_target`, `foto`, `latitude`, `longitude`, `created_at`) VALUES
(112, 'TKO-MUTIARA-R2', 'TOKO MUTIARA', 'TJU', 2000.00, 1600000.00, 'Satu Juta Enam Ratus Ribu Rupiah', NULL, NULL, NULL, '2026-03-02 04:58:38'),
(113, 'SINAR-MAS-R2', 'SINAR MAS', 'TJU', 2000.00, 1650000.00, 'Satu Juta Enam Ratus Lima Puluh Ribu Rupiah', NULL, NULL, NULL, '2026-03-02 04:58:38'),
(114, 'TKO-WOLU-R2', 'TOKO WOLU', 'TJU', 2000.00, 1740000.00, 'Satu Juta Tujuh Ratus Empat Puluh Ribu Rupiah', NULL, NULL, NULL, '2026-03-02 04:58:38'),
(115, 'JIB-PCL-RWLG-R2', 'JAMU IBOE - PECEL RAWON MBOK LEGI', 'TJU', 2000.00, 1600000.00, 'Satu Juta Enam Ratus Ribu Rupiah', NULL, NULL, NULL, '2026-03-02 04:58:38'),
(116, 'ACRY-AHAS-R2', 'ACRYLIC SHEET - HONDA AHAS SERVICE', 'TJU', 2000.00, 1380000.00, 'Satu Juta Tiga Ratus Delapan Puluh Ribu Rupiah', NULL, NULL, NULL, '2026-03-02 04:58:38'),
(117, 'GJH-TOSERBA-R2', 'GAJAH TOSERBA', 'TJU', 2000.00, 1500000.00, 'Satu Juta Lima Ratus Ribu Rupiah', NULL, NULL, NULL, '2026-03-02 04:58:38'),
(118, 'SPT-SND-ANGN-R2', 'TOKO SEPATU SANDAL ANGGUN', 'TJU', 2000.00, 1200000.00, 'Satu Juta Dua Ratus Ribu Rupiah', NULL, NULL, NULL, '2026-03-02 04:58:38'),
(119, 'PGT-IDM-GJMD-R2', 'APOTEK PANGESTU - INDOMARET GAJAH MADA', 'TJU', 2000.00, 1650000.00, 'Satu Juta Enam Ratus Lima Puluh Ribu Rupiah', NULL, NULL, NULL, '2026-03-02 04:58:38'),
(120, 'UFO-ST-HJANK-R2', 'UFO ELEKTRONIKA SIDOARJO - SOTO AYAM HJ HANIK', 'TJU', 2000.00, 1650000.00, 'Satu Juta Enam Ratus Lima Puluh Ribu Rupiah', NULL, NULL, NULL, '2026-03-02 04:58:38'),
(121, 'TKO-GNG-MAS-R2', 'TOKO GUNUNG MAS', 'TJU', 2000.00, 1650000.00, 'Satu Juta Enam Ratus Lima Puluh Ribu Rupiah', NULL, NULL, NULL, '2026-03-02 04:58:38'),
(122, 'APT-OPT-GAMA-R2', 'APOTEK OPTIK GAMA', 'TJU', 2000.00, 1950000.00, 'Satu Juta Sembilan Ratus Lima Puluh Ribu Rupiah', NULL, NULL, NULL, '2026-03-02 04:58:38'),
(123, 'BJ-CBSDA-R4', 'BANK JATIM CABANG SIDOARJO', 'TJU', 4000.00, 1230000.00, 'Satu Juta Dua Ratus Tiga Puluh Ribu Rupiah', NULL, NULL, NULL, '2026-03-02 04:58:38'),
(124, 'PN-SDA-R2', 'PENGADILAN NEGERI SIDOARJO', 'TJU', 2000.00, 1200000.00, 'Satu Juta Dua Ratus Ribu Rupiah', NULL, NULL, NULL, '2026-03-02 04:58:38'),
(125, 'PRNTS-JY-FC-R2', 'PERINTIS JAYA FOTO COPY', 'TJU', 2000.00, 1050000.00, 'Satu Juta Lima Puluh Ribu Rupiah', NULL, NULL, NULL, '2026-03-02 04:58:38'),
(126, 'MBHE-VERMK-3-R2', 'MBAHE VERMAK 3', 'TJU', 2000.00, 1050000.00, 'Satu Juta Lima Puluh Ribu Rupiah', NULL, NULL, NULL, '2026-03-02 04:58:38'),
(127, 'NZR-GLRY-R2', 'TOKO BUSANA MUSLIM NAZIR - GLORY ELEKTRONIK', 'TJU', 2000.00, 2040000.00, 'Dua Juta Empat Puluh Ribu Rupiah', NULL, NULL, NULL, '2026-03-02 04:58:38'),
(128, 'BDHR-CTR-AUD-R2', 'TOKO BUDIDHARMA - CENTRAL AUDIO', 'TJU', 2000.00, 2040000.00, 'Dua Juta Empat Puluh Ribu Rupiah', NULL, NULL, NULL, '2026-03-02 04:58:38'),
(129, 'STDG-CBJBG-R2', 'SOTO DAGING CABANG JOMBANG', 'TJU', 2000.00, 1500000.00, 'Satu Juta Lima Ratus Ribu Rupiah', NULL, NULL, NULL, '2026-03-02 04:58:38'),
(130, 'SPRTV-IDN-R4', 'SPORTIVO INDONESIA (SIDOARJO SPORT ...)', 'TJU', 4000.00, 1500000.00, '', NULL, NULL, NULL, '2026-03-02 04:58:38'),
(131, 'BNI-KCP-SYRH-R2', 'BNI KCP SYARIAH SIDOARJO', 'TJU', 2000.00, 1650000.00, 'Satu Juta Enam Ratus Lima Puluh Ribu Rupiah', NULL, NULL, NULL, '2026-03-02 04:58:38'),
(132, 'PS-LRNGN-SLT-R2', 'PASAR LARANGAN (SELATAN)', 'TJU', 3000.00, 27000000.00, 'Dua Puluh Tujuh Juta Rupiah', NULL, NULL, NULL, '2026-03-02 04:58:38'),
(133, 'LRGN-SLT-LR-R2', 'PASAR LARANGAN (SELATAN) LUAR', 'TJU', 2000.00, 7500000.00, 'Tujuh Juta Lima Ratus Ribu Rupiah', NULL, NULL, NULL, '2026-03-02 04:58:38'),
(134, 'TKO-MTRA-SDA-R2', 'TOKO MITRA SIDOARJO', 'TJU', 2000.00, 750000.00, 'Tujuh Ratus Lima Puluh Ribu Rupiah', NULL, NULL, NULL, '2026-03-02 04:58:38'),
(135, 'TKO-MBL-BKT-R2', 'TOKO MEBEL BANGKIT', 'TJU', 2000.00, 750000.00, 'Tujuh Ratus Lima Puluh Ribu Rupiah', NULL, NULL, NULL, '2026-03-02 04:58:38'),
(136, 'TKO-STR-ELTR-R2', 'TOKO STAR ELECTRONIC', 'TJU', 2000.00, 600000.00, 'Enam Ratus Ribu Rupiah', NULL, NULL, NULL, '2026-03-02 04:58:38'),
(137, 'AZM-BIN-ATR-R2', 'AZAM HERBAL - BIN ATTAR', 'TJU', 2000.00, 750000.00, 'Tujuh Ratus Lima Puluh Ribu Rupiah', NULL, NULL, NULL, '2026-03-02 04:58:39'),
(138, 'TKO-TNJNG-R4', 'TOKO TANJUNG', 'TJU', 4000.00, 600000.00, 'Enam Ratus Ribu Rupiah', NULL, NULL, NULL, '2026-03-02 04:58:39'),
(139, 'WNG-SLO-NLGS-R4', 'AYAM BAKAR WONG SOLO - AYAM GORENG NELONGSO', 'TJU', 4000.00, 4200000.00, 'Empat Juta Dua Ratus Ribu Rupiah', NULL, NULL, NULL, '2026-03-02 04:58:39'),
(140, 'TKO-SNTS-JY-R4', 'TOKO SANTOSO JAYA', 'TJU', 4000.00, 1080000.00, 'Satu Juta Delapan Puluh Ribu Rupiah', NULL, NULL, NULL, '2026-03-02 04:58:39'),
(141, 'TKO-SNR-TRNG-R2', 'TOKO SEPEDA SINAR TERANG', 'TJU', 2000.00, 900000.00, 'Sembilan Ratus Ribu Rupiah', NULL, NULL, NULL, '2026-03-02 04:58:39'),
(142, 'MINU-KH-MKMN-R4', 'MINU KH. MUKMIN', 'TJU', 4000.00, 1200000.00, 'Satu Juta Dua Ratus Ribu Rupiah', NULL, NULL, NULL, '2026-03-02 04:58:39'),
(143, 'DPT-LNGGNG-R4', 'DEPOT LANGGENG', 'TJU', 4000.00, 1140000.00, 'Satu Juta Seratus Empat Puluh Ribu Rupiah', NULL, NULL, NULL, '2026-03-02 04:58:39'),
(144, 'TKO-SKS-TMU-R2', 'TOKO BUKU SUKSES 1 - KEDAI TEMU DJOANG', 'TJU', 2000.00, 1500000.00, 'Satu Juta Lima Ratus Ribu Rupiah', NULL, NULL, NULL, '2026-03-02 04:58:39'),
(145, 'ANG-UTLR-MDK-R2', 'LABORATORIUM ULTRA MEDICA  (ANGKRINGAN)', 'TJU', 2000.00, 1050000.00, 'Satu Juta Lima Puluh Ribu Rupiah', NULL, NULL, NULL, '2026-03-02 04:58:39'),
(146, 'ANG-MKM-PNDM-R2', 'ANGKRINGAN DEPAN MAKAM KELUARGA ASRI HING PENDHEM', 'TJU', 2000.00, 1695000.00, 'Satu Juta Enam Ratus Sembilan Puluh LIma Ribu Rupiah', NULL, NULL, NULL, '2026-03-02 04:58:39'),
(147, 'ANG-DRM-WNTA-R2', 'TK. DHARMA WANITA (ANGKRINGAN)', 'TJU', 2000.00, 930000.00, 'Sembilan Ratus Tiga Puluh Ribu Rupiah', NULL, NULL, NULL, '2026-03-02 04:58:39'),
(148, 'PKL-LP-SL-TG-R2', 'PKL SISI SELATAN LAPAS (BAGIAN TENGAH)', 'TJU', 2000.00, 1110000.00, 'Satu Juta Seratus Sepuluh Ribu Rupiah', NULL, NULL, NULL, '2026-03-02 04:58:39'),
(149, 'PKL-LPS-SLTN-R2', 'PKL SISI SELATAN LAPAS', 'TJU', 2000.00, 1110000.00, 'Satu Juta Seratus Sepuluh Ribu Rupiah', NULL, NULL, NULL, '2026-03-02 04:58:39'),
(150, 'KEJAKSN-SDA-R2', 'KEJAKSAAN NEGERI SIDOARJO', 'TJU', 2000.00, 900000.00, 'Sembilan Ratus Ribu Rupiah', NULL, NULL, NULL, '2026-03-02 04:58:39'),
(151, 'GOR-DLT-SDA-R2', 'GOR DELTA SIDOARJO', '', 3000.00, 9000000.00, 'Sembilan Juta Rupiah', NULL, NULL, NULL, '2026-03-02 04:58:39'),
(152, 'CKR-LPINDO-R2', 'CEKER LAPINDHO ASLI (SISI BARAT)', 'TJU', 2000.00, 1110000.00, 'Satu Juta Seratus Sepuluh Ribu Rupiah', NULL, NULL, NULL, '2026-03-02 04:58:39'),
(153, 'TPSL-PLZ-SDA-R2', 'TOPSELL PLAZA SIDOARJO', 'TJU', 2000.00, 1590000.00, 'Satu Juta LIma Ratus Sembilan Puluh Ribu Rupiah', NULL, NULL, NULL, '2026-03-02 04:58:39'),
(154, 'TKO-PKU-WAJA-R2', 'TOKO PAKU WAJA', 'TJU', 2000.00, 1500000.00, 'Satu Juta Lima Ratus Ribu Rupiah', NULL, NULL, NULL, '2026-03-02 04:58:39'),
(155, 'T-SMBR-RJKBR-R2', 'TOKO SUMBER REJEKI BARU', 'TJU', 2000.00, 1500000.00, 'Satu Juta Lima Ratus Ribu Rupiah', NULL, NULL, NULL, '2026-03-02 04:58:39'),
(156, 'PKM-PRG-R2', 'PUSKESMAS PORONG', 'TJU', 2000.00, 750000.00, 'Tujuh Ratus Lima Puluh Ribu Rupiah', NULL, NULL, NULL, '2026-03-02 04:58:39'),
(157, 'PERINDAG-SDA-R4', 'DINAS PERINDUSTRIAN DAN PERDAGANGAN KAB.SIDOARJO', 'TJU', 4000.00, 1230000.00, 'Empat Ratus Sepuluh Ribu Rupiah', NULL, NULL, NULL, '2026-03-02 04:58:39'),
(158, 'CNATO-BKRY-R2', 'CONATO BAKERY', 'TJU', 2000.00, 1440000.00, 'Satu Juta Empat Ratus Empat Puluh Ribu Rupiah', NULL, NULL, NULL, '2026-03-02 04:58:39'),
(159, 'ADR-FNC-R2', 'ADIRA FINANCE', 'TJU', 2000.00, 750000.00, 'Tujuh Ratus Lima Puluh Ribu Rupiah', NULL, NULL, NULL, '2026-03-02 04:58:39'),
(160, 'FMRT-GJHMD-R4', 'FAMILYMART GAJAH MADA', 'TJU', 4000.00, 1200000.00, 'Satu Juta Dua Ratus Ribu Rupiah', NULL, NULL, NULL, '2026-03-02 04:58:39'),
(161, 'TKO-CHY-ABD-R2', 'TOKO CAHAYA ABADI', 'TJU', 2000.00, 1260000.00, 'Satu Juta Dua Ratus Enam Puluh Ribu Rupiah ', NULL, NULL, NULL, '2026-03-02 04:58:39'),
(162, 'POS-BKSO-ASM-R2', 'POST OFFICE OF SIDOARJO - BAKSO KELANA ASEM KEMBAR', 'TJU', 2000.00, 1200000.00, 'Satu Juta Dua Ratus Ribu Rupiah', NULL, NULL, NULL, '2026-03-02 04:58:39'),
(163, 'CAPIL-SDA-R2', 'DINAS KEPENDUDUKAN DAN PENCATATAN SIPIL KABUPATEN SIDOARJO', 'TJU', 2000.00, 900000.00, 'Sembilan Ratus Ribu Rupiah', NULL, NULL, NULL, '2026-03-02 04:58:39'),
(164, 'PLG-BPR-ATMS-R4', 'PELANGI GAJAH MADA -BPR PURIDANA ARTHAMAS', 'TJU', 4000.00, 1500000.00, 'Satu Juta Lima Ratus Ribu Rupiah', NULL, NULL, NULL, '2026-03-02 04:58:39'),
(165, 'P-LRNGN-TMR-R2', 'PASAR LARANGAN (TIMUR)', '', 3000.00, 7500000.00, 'Tujuh Juta Lima Ratus Ribu Rupiah', NULL, NULL, NULL, '2026-03-02 04:58:39'),
(166, 'PKL-RDN-WJY-R2', 'PKL JL. RADEN WIJAYA', 'TJU', 2000.00, 900000.00, 'Sembilan Ratus Ribu Rupiah', NULL, NULL, NULL, '2026-03-02 04:58:39'),
(167, 'WRNG-IJO-R4', 'WARUNG IJO', 'TJU', 4000.00, 1050000.00, 'Satu Juta Lima Puluh Ribu Rupiah', NULL, NULL, NULL, '2026-03-02 04:58:39'),
(168, 'WRBR-DPT-CTO-R4', 'WARUNG BIRU - DEPOT SEDERHANA CAK TO', 'TJU', 4000.00, 1050000.00, 'Satu Juta Lima Puluh Ribu Rupiah', NULL, NULL, NULL, '2026-03-02 04:58:39'),
(169, 'APT-SHT-DNRT-R4', 'APOTIK SEHAT - DOESOEN ROTI', 'TJU', 4000.00, 600000.00, 'Enam Ratus Ribu Rupiah', NULL, NULL, NULL, '2026-03-02 04:58:39'),
(170, 'MOPT-GJH-PLZ-R2', 'M. OPTIC - TOKO EMAS GADJAH PLAZA', 'TJU', 2000.00, 1650000.00, 'Satu Juta Enam Ratus Lima Puluh Ribu Rupiah', NULL, NULL, NULL, '2026-03-02 04:58:39'),
(171, 'WRSFD-DPNGR-R2', 'WARUNG SEA FOOD DIPONEGORO', 'TJU', 2000.00, 1710000.00, 'Satu Juta Tujuh Ratus Sepuluh Ribu Rupiah', NULL, NULL, NULL, '2026-03-02 04:58:40'),
(172, 'GJHPST-GAMA1-R4', 'TOKO EMAS GADJAH PUSAT SIDOARJO GAMA-1', 'TJU', 4000.00, 1680000.00, 'Satu Juta Enam Ratus Delapan Puluh Ribu Rupiah', NULL, NULL, NULL, '2026-03-02 04:58:40'),
(173, 'P-LRNGN-UTR-R4', 'PASAR LARANGAN', '', 5000.00, 3000000.00, 'Tiga Juta Rupiah', NULL, NULL, NULL, '2026-03-02 04:58:40'),
(174, 'CAKE-BOSS-R2', 'CAKE BOSS', 'TJU', 2000.00, 600000.00, 'Enam Ratus Ribu Rupiah', NULL, NULL, NULL, '2026-03-02 04:58:40'),
(175, 'XMI-TKO-SMRU-R4', 'XIAOMI AUTORIZED STORE - TOKO SEMERU', 'TJU', 4000.00, 1500000.00, 'Satu Juta LIma Ratus Ribu Rupiah', NULL, NULL, NULL, '2026-03-02 04:58:40'),
(176, 'PKM-CANDI-R2', 'PUSKESMAS CANDI', '', 3000.00, 900000.00, 'Sembilan Ratus Ribu Rupiah', NULL, NULL, NULL, '2026-03-02 04:58:40'),
(177, 'PKM-SDA-R2', 'PUSKESMAS SIDOARJO', 'TJU', 2000.00, 1230000.00, 'Satu Juta Dua Ratus Tiga Puluh Ribu Rupiah', NULL, NULL, NULL, '2026-03-02 04:58:40'),
(178, 'BJ-CBSYR-SDA-R4', 'BANK JATIM CABANG SYARIAH SIDOARJO', 'TJU', 4000.00, 1200000.00, 'Satu Juta Dua Ratus Ribu Rupiah', NULL, NULL, NULL, '2026-03-02 04:58:40'),
(179, 'APING-SRYA-R2', 'APING\'S SALON - TOKO SEPEDA GUNUNG SURYA', 'TJU', 2000.00, 900000.00, 'Sembilan Ratus Ribu Rupiah', NULL, NULL, NULL, '2026-03-02 04:58:40'),
(180, 'GMBNG-GMBL-R2', 'ROTI GEMBONG GEMBUL SIDOARJO', 'TJU', 2000.00, 750000.00, 'Tujuh Ratus Lima Puluh Ribu Rupiah', NULL, NULL, NULL, '2026-03-02 04:58:40'),
(181, 'PSR-BURUNG-R2', 'PASAR BURUNG', '', 3000.00, 450000.00, 'Empat Ratus Lima Puluh Ribu Rupiah', NULL, NULL, NULL, '2026-03-02 04:58:40'),
(182, 'DEN-MRKT2-R2', 'TOKO DEN MARKET 2', '', 2000.00, 600000.00, 'Enam Ratus Ribu Rupiah', NULL, NULL, NULL, '2026-03-02 04:58:40'),
(183, 'TKO-SUBR-JY-R2', 'TOKO SUBUR JAYA', 'TJU', 2000.00, 1500000.00, 'Satu Juta Lima Ratus Ribu Rupiah', NULL, NULL, NULL, '2026-03-02 04:58:40'),
(184, 'OPT-SION-R2', 'OPTIK SION', 'TJU', 2000.00, 1050000.00, 'Satu Juta Lima Puluh Ribu Rupiah', NULL, NULL, NULL, '2026-03-02 04:58:40'),
(185, 'SATE-BRNGN-R2', 'SATE BARONGAN', 'TJU', 2000.00, 1500000.00, 'Satu Juta Lima Ratus Ribu Rupiah', NULL, NULL, NULL, '2026-03-02 04:58:40'),
(186, 'PSR-KDNGRJO-R2', 'PASAR KEDUNGREJO', 'TJU', 2000.00, 3660000.00, 'Tiga Juta Enam Ratus Enam Puluh Ribu Rupiah', NULL, NULL, NULL, '2026-03-02 04:58:40'),
(187, 'K-POS-SPJNG-R2', 'KANTOR POS SEPANJANG', 'TJU', 2000.00, 750000.00, 'Tujuh Ratus Lima Puluh Ribu Rupiah', NULL, NULL, NULL, '2026-03-02 04:58:40'),
(188, 'T-SURYA-AGNG-R2', 'TOKO SURYA AGUNG', 'TJU', 2000.00, 600000.00, 'Enam Ratus Ribu Rupiah', NULL, NULL, NULL, '2026-03-02 04:58:40'),
(189, 'P-BR-WDNGASR-R2', 'PASAR BARU WADUNGASRI', '', 3000.00, 11400000.00, 'Sebelas Juta Empat Ratus Ribu Rupiah', NULL, NULL, NULL, '2026-03-02 04:58:40'),
(190, 'PSR-GDNGN-R2', 'PASAR GEDANGAN', '', 3000.00, 9000000.00, 'Sembilan Juta Rupiah', NULL, NULL, NULL, '2026-03-02 04:58:40'),
(191, 'APT-TUJUH-R2', 'APOTIK TUJUH', 'TJU', 2000.00, 1500000.00, 'Satu Juta Lima Ratus Ribu Rupiah', NULL, NULL, NULL, '2026-03-02 04:58:40'),
(194, 'PST-TEMU-R2', 'PASAR TEMU', 'TJU', 2000.00, 1800000.00, 'Satu Juta Delapan Ratus Ribu Rupiah', NULL, NULL, NULL, '2026-03-02 04:58:40'),
(195, 'PSR-BULANG-R2', 'PASAR BULANG', 'TJU', 2000.00, 1500000.00, 'Satu Juta Lima Ratus Ribu Rupiah', NULL, NULL, NULL, '2026-03-02 04:58:40'),
(196, 'PKM-TLNGAN-R2', 'PUSKESMAS TULANGAN', 'TJU', 2000.00, 1050000.00, 'Satu Juta LIma Puluh Ribu Rupiah', NULL, NULL, NULL, '2026-03-02 04:58:40'),
(197, 'PKM-KDNGSLO-R2', 'PUSKESMAS KEDONGSOLO PORONG', 'TJU', 2000.00, 1050000.00, 'Satu Juta LIma Puluh Ribu Rupiah', NULL, NULL, NULL, '2026-03-02 04:58:40'),
(198, 'PSR-PRMBN-R2', 'PASAR PRAMBON', '', 3000.00, 5520000.00, 'Lima Juta Lima Ratus Dua Puluh Ribu Rupiah', NULL, NULL, NULL, '2026-03-02 04:58:40'),
(199, 'P-SPNJNG-DLM-R2', 'PASAR SEPANJANG', '', 3000.00, 3000000.00, 'Tiga Juta Rupiah', NULL, NULL, NULL, '2026-03-02 04:58:40'),
(200, 'PKM-KPDNGN-R2', 'PUSKESMAS KEPADANGAN', 'TJU', 2000.00, 900000.00, 'Sembilan Ratus Ribu Rupiah', NULL, NULL, NULL, '2026-03-02 04:58:40'),
(201, 'GSYR-PPR-BLK-R2', 'GROSIR SAYUR PASAR PORONG (BELAKANG)', '', 3000.00, 1500000.00, 'Satu Juta Lima Ratus Ribu Rupiah', NULL, NULL, NULL, '2026-03-02 04:58:40'),
(202, 'LOAK-PPR-TMR-R2', 'PASAR LOAK PASAR PORONG (TIMUR)', '', 3000.00, 1800000.00, 'Satu Juta Delapan Ratus Ribu Rupiah', NULL, NULL, NULL, '2026-03-02 04:58:40'),
(203, 'P-SPNJNG-LR-R2', 'PASAR SEPANJANG', 'TJU', 2000.00, 1500000.00, 'Satu Juta Lima Ratus Ribu Rupiah', NULL, NULL, NULL, '2026-03-02 04:58:40'),
(204, 'PSR-TAMAN-R2', 'PASAR TAMAN', '', 3000.00, 1500000.00, 'Satu Juta Lima Ratus Ribu Rupiah', NULL, NULL, NULL, '2026-03-02 04:58:40'),
(205, 'P-SKODN-SLTN-R2', 'PASAR SUKODONO (SELATAN)', '', 3000.00, 5400000.00, 'Lima Juta Empat Ratus Ribu Rupiah', NULL, NULL, NULL, '2026-03-02 04:58:41'),
(206, 'RM-MELATI-R2', 'RUMAH MAKAN MELATI', 'TJU', 2000.00, 450000.00, 'Empat Ratus Lima Puluh Ribu Rupiah', NULL, NULL, NULL, '2026-03-02 04:58:41'),
(207, 'PKM-SKODN-R2', 'PUSKESMAS SUKODONO', '', 3000.00, 4800000.00, 'Empat Juta Delapan Ratus Ribu Rupiah', NULL, NULL, NULL, '2026-03-02 04:58:41'),
(208, 'KOP-DNKTA-R2', 'KOPERASI DANA KITA', 'TJU', 2000.00, 1050000.00, 'Satu Juta Lima Puluh Ribu Rupiah', NULL, NULL, NULL, '2026-03-02 04:58:41'),
(209, 'PKM-KRIAN-R2', 'PUSKESMAS KRIAN', '', 3000.00, 4500000.00, 'Empat Juta Lima Ratus Ribu Rupiah', NULL, NULL, NULL, '2026-03-02 04:58:41'),
(210, 'PSR-KRN-LM-R4', 'PASAR KRIAN LAMA', 'TJU', 4000.00, 1500000.00, 'Satu Juta Lima Ratus Ribu Rupiah', NULL, NULL, NULL, '2026-03-02 04:58:41'),
(211, 'BNK-BNI-R4', 'BANK BNI', 'TJU', 4000.00, 900000.00, 'Sembilan Ratus Ribu Rupiah', NULL, NULL, NULL, '2026-03-02 04:58:41'),
(212, 'GDG-BU-HRMN-R4', 'GUDEG BU HARMAN', 'TJU', 4000.00, 900000.00, 'Sembilan Ratus Ribu Rupiah', NULL, NULL, NULL, '2026-03-02 04:58:41'),
(213, 'PSR-SKDN-UTR-R2', 'PASAR SUKODONO (UTARA)', '', 3000.00, 5400000.00, 'Lima Juta Empat Ratus Ribu Rupiah', NULL, NULL, NULL, '2026-03-02 04:58:41'),
(214, 'P-KRN-LM-DL-R2', 'PASAR KRIAN LAMA', '', 3000.00, 900000.00, 'Sembilan Ratus Ribu Rupiah', NULL, NULL, NULL, '2026-03-02 04:58:41'),
(215, 'PKM-BLBNDO-R2', 'PUSKESMAS BALONGBENDO', '', 3000.00, 2400000.00, 'Dua Juta Empat Ratus Ribu Rupiah', NULL, NULL, NULL, '2026-03-02 04:58:41'),
(217, 'RMYN-MLL-R2', 'RAMAYANA MALL', 'TJU', 2000.00, 1050000.00, 'Satu Juta Lima Puluh Ribu Rupiah', NULL, NULL, NULL, '2026-03-02 04:58:41'),
(218, 'T-SKRA-KRIAN-R2', 'TOKO SAKURA KRIAN', 'TJU', 2000.00, 1050000.00, 'Satu Juta Lima Puluh Ribu Rupiah', NULL, NULL, NULL, '2026-03-02 04:58:41'),
(219, 'PSRB-KRN-DST-R4', 'PASAR BARU KRIAN (SEKITAR DUNIA SOTO)', '', 5000.00, 3000000.00, 'Tiga Juta Rupiah', NULL, NULL, NULL, '2026-03-02 04:58:41'),
(220, 'BRI-CB-SPJNG-R2', 'BANK BRI KCP SEPANJANG', 'TJU', 2000.00, 900000.00, 'Sembilan Ratus Ribu Rupiah', NULL, NULL, NULL, '2026-03-02 04:58:41'),
(221, 'PKM-TARIK-R2', 'PUSKESMAS TARIK', '', 3000.00, 720000.00, 'Tujuh Ratus Dua Puluh Ribu Rupiah', NULL, NULL, NULL, '2026-03-02 04:58:41'),
(222, 'TKO-APLO-R2', 'TOKO APOLLO', 'TJU', 2000.00, 900000.00, 'Sembilan Ratus Ribu Rupiah', NULL, NULL, NULL, '2026-03-02 04:58:41'),
(223, 'TKO-REJEKI-R2', 'TOKO REJEKI', 'TJU', 2000.00, 900000.00, 'Sembilan Ratus Ribu Rupiah', NULL, NULL, NULL, '2026-03-02 04:58:41'),
(224, 'TKO-DMAI-JY-R2', 'TOKO DAMAI JAYA', 'TJU', 2000.00, 1500000.00, 'Satu Juta Lima Ratus Ribu Rupiah', NULL, NULL, NULL, '2026-03-02 04:58:41'),
(225, 'PKM-BDRN-R2', 'PUSKESMAS BUDURAN', '', 3000.00, 4800000.00, 'Empat Juta Delapan Ratus Ribu Rupiah', NULL, NULL, NULL, '2026-03-02 04:58:41'),
(226, 'PKM-GDNGN-R2', 'PUSKESMAS GEDANGAN', '', 3000.00, 3000000.00, 'Tiga Juta Rupiah', NULL, NULL, NULL, '2026-03-02 04:58:41'),
(227, 'TKO-SARINA-R2', 'TOKO SARINA', 'TJU', 2000.00, 600000.00, 'Enam Ratus Ribu Rupiah', NULL, NULL, NULL, '2026-03-02 04:58:41'),
(228, 'PASPOR-PGI-R2', 'R2 PASAR PORONG PAGI', '', 3000.00, 3000000.00, 'Tiga Juta Rupiah', NULL, NULL, NULL, '2026-03-02 04:58:41'),
(229, 'PASPOR-SG-R2', 'R2 PASAR PORONG SIANG', '', 3000.00, 3000000.00, 'Tiga Juta Rupiah', NULL, NULL, NULL, '2026-03-02 04:58:41'),
(230, 'PASPOR-R4', 'R4 PASAR PORONG', '', 5000.00, 90000000.00, 'Sembilan Puluh Juta Rupiah', NULL, NULL, NULL, '2026-03-02 04:58:41'),
(231, 'PKM-JABON-R2', 'PUSKESMAS JABON', '', 3000.00, 1230000.00, 'Satu Juta Dua Ratus Tiga Puluh Ribu Rupiah', NULL, NULL, NULL, '2026-03-02 04:58:41'),
(232, 'PSR-LOAK-BRT-R2', 'PASAR LOAK BARAT', '', 3000.00, 750000.00, 'Tujuh Ratus Lima Puluh Ribu Rupiah', NULL, NULL, NULL, '2026-03-02 04:58:41'),
(233, 'PBR-KRN-MTRA-R4', 'PASAR BARU KRIAN (SEKITAR TOKO MUTIARA)', '', 5000.00, 1500000.00, 'Satu Juta Lima Ratus Ribu Rupiah', NULL, NULL, NULL, '2026-03-02 04:58:41'),
(234, 'CB-PHN-R2', 'CB PHONE', 'TJU', 2000.00, 1200000.00, 'Satu juta Dua Ratus Ribu Rupiah', NULL, NULL, NULL, '2026-03-02 04:58:41'),
(235, 'WR-MBK-TUM-R4', 'WARUNG MBAK TUM', 'TJU', 4000.00, 1800000.00, 'Satu Juta Delapan Ratus Ribu Rupiah', NULL, NULL, NULL, '2026-03-02 04:58:41'),
(236, 'STO-DGNG-R2', 'SOTO DAGING', 'TJU', 2000.00, 600000.00, 'Enam Ratus Ribu Rupiah', NULL, NULL, NULL, '2026-03-02 04:58:42'),
(237, 'CHY-BDG-R2', 'CAHAYA BANDUNG', 'TJU', 2000.00, 450000.00, 'Empat Ratus Lima Puluh Ribu Rupiah', NULL, NULL, NULL, '2026-03-02 04:58:42'),
(238, 'IDM-RDPT-TMR-R4', 'INDOMARET RADEN PATAH (SISI TIMUR R2)', 'TJU', 4000.00, 1500000.00, 'Satu Juta Lima Ratus Ribu Rupiah', NULL, NULL, NULL, '2026-03-02 04:58:42'),
(239, 'BNK-MNDR-KRN-R2', 'BANK MANDIRI KRIAN', 'TJU', 2000.00, 600000.00, 'Enam Ratus Ribu Rupiah', NULL, NULL, NULL, '2026-03-02 04:58:42'),
(240, 'DPT-GLORIA-R4', 'DEPOT GLORIA KRIAN', 'TJU', 4000.00, 900000.00, 'Sembilan Ratus Ribu Rupiah', NULL, NULL, NULL, '2026-03-02 04:58:42'),
(241, 'S-OP-SBR-UTG-R4', 'SAHABAT OPTIC - TOKO SUMBER UNTUNG', 'TJU', 4000.00, 1200000.00, 'Satu Juta Dua Ratus Ribu Rupiah', NULL, NULL, NULL, '2026-03-02 04:58:42'),
(242, 'P-KRN-LM-DPN-R2', 'PASAR KRIAN LAMA (DEPAN)', 'TJU', 2000.00, 600000.00, 'Enam Ratus Ribu Rupiah', NULL, NULL, NULL, '2026-03-02 04:58:42'),
(243, 'APT-DWLY-KRN-R2', 'APOTEK DELTA WALUYA KRIAN', 'TJU', 2000.00, 450000.00, 'Empat Ratus Lima Puluh Ribu Rupiah', NULL, NULL, NULL, '2026-03-02 04:58:42'),
(244, 'TKO-DWA-SMDR-R2', 'TOKO DEWA SAMUDRA', 'TJU', 2000.00, 2100000.00, 'Dua Juta Seratus Ribu Rupiah', NULL, NULL, NULL, '2026-03-02 04:58:42'),
(245, 'WR-IJO-BANA-R4', 'WARUNG IJO BU ANA', 'TJU', 4000.00, 600000.00, 'Enam Ratus Ribu Rupiah', NULL, NULL, NULL, '2026-03-02 04:58:42'),
(246, 'P-KRN-LM-SLT-R2', 'PS. KRIAN LAMA (SELATAN)', '', 3000.00, 150000.00, 'Seratus Lima Puluh Ribu Rupiah', NULL, NULL, NULL, '2026-03-02 04:58:42'),
(247, 'MNTR-BBS-KRN-R2', 'MENTARI BABY SHOP KRIAN', 'TJU', 2000.00, 900000.00, 'Sembilan Ratus Ribu Rupiah', NULL, NULL, NULL, '2026-03-02 04:58:42'),
(248, 'SB-SH-TJG-JY-R4', 'TOKO SUMBER SEHAT - TANJUNG JAYA FASHION', 'TJU', 4000.00, 1500000.00, 'Satu Juta Lima Ratus Ribu Rupiah', NULL, NULL, NULL, '2026-03-02 04:58:42'),
(249, 'TKO-AMPERA-R2', 'TOKO AMPERA', 'TJU', 2000.00, 600000.00, 'Enam Ratus Ribu Rupiah', NULL, NULL, NULL, '2026-03-02 04:58:42'),
(250, 'BRKH-AQRM-R2', 'BAROKAH AQUARIUM', 'TJU', 2000.00, 750000.00, 'Tujuh Ratus Lima Puluh Ribu Rupiah', NULL, NULL, NULL, '2026-03-02 04:58:42'),
(251, 'TRMNL-KRN-UT-R2', 'TERMINAL KRIAN (SISI UTARA)', 'TJU', 3000.00, 900000.00, 'Sembilan Ratus Ribu Rupiah', NULL, NULL, NULL, '2026-03-02 04:58:42'),
(252, 'IDM-RDPT-TMR-R2', 'INDOMARET RADEN PATAH (SISI TIMUR R4)', 'TJU', 2000.00, 900000.00, 'Sembilan Ratus Ribu Rupiah', NULL, NULL, NULL, '2026-03-02 04:58:42'),
(253, 'WIZZMIE-R4', 'WIZZMIE', 'TJU', 4000.00, 300000.00, 'Tiga Ratus Ribu Rupiah', NULL, NULL, NULL, '2026-03-02 04:58:42'),
(254, 'STN-AGNG-SLT-R2', 'JL. SULTAN AGUNG  (SELATAN)', '', 3000.00, 6000000.00, 'Enam Juta Rupiah', NULL, NULL, NULL, '2026-03-02 04:58:42'),
(255, 'STN-AGNG-UTR-R2', 'JL. SULTAN AGUNG  (UTARA)', '', 3000.00, 6000000.00, 'Enam Juta Rupiah', NULL, NULL, NULL, '2026-03-02 04:58:42'),
(256, 'PRK-SDPC3-R2', 'SD PUCANG 3 & ALUN-ALUN', 'TJU', 2000.00, 6000000.00, 'Enam Juta Rupiah', NULL, NULL, NULL, '2026-03-02 04:58:42'),
(257, 'GBR-SRY-TMR-R2', 'JL. GUBERNUR SURYO (TIMUR)', '', 3000.00, 6000000.00, 'Enam Juta Rupiah', NULL, NULL, NULL, '2026-03-02 04:58:42'),
(258, 'GBR-SRY-BRT-R2', 'JL. GUBERNUR SURYO (BARAT)', '', 3000.00, 6000000.00, 'Enam Juta Rupiah', NULL, NULL, NULL, '2026-03-02 04:58:42'),
(259, 'DPO-PSR-IKN-R2', 'DEPO PEMASARAN IKAN', '', 3000.00, 9000000.00, 'Sembilan Juta Rupiah', NULL, NULL, NULL, '2026-03-02 04:58:42'),
(260, 'SMA-PETRA4-R4', 'SMA KRISTEN PETRA 4', 'TJU', 4000.00, 750000.00, 'Tujuh Ratus Lima Puluh Ribu Rupiah', NULL, NULL, NULL, '2026-03-02 04:58:42'),
(261, 'PKM-SIDODADI-R2', 'PUSKESMAS SIDODADI', '', 5000.00, 1350000.00, 'Satu Juta Tiga Ratus Lima Puluh Ribu Rupiah', NULL, NULL, NULL, '2026-03-02 04:58:42'),
(262, 'TMN-ABRP-KRN-R2', 'TAMAN ABHIRUPA KRIAN', '', 3000.00, 1100000.00, 'Satu Juta Seratus Ribu Rupiah', NULL, NULL, NULL, '2026-03-02 04:58:42'),
(263, 'WUP-CAFÉ-R2', 'WUP CAFE', 'TJU', 2000.00, 900000.00, 'Sembilan Ratus Ribu Rupiah', NULL, NULL, NULL, '2026-03-02 04:58:42'),
(265, 'BCA-KCP-KRN-R2', 'BCA KCP KRIAN', 'TJU', 2000.00, 600000.00, 'Enam Ratus Ribu Rupiah', '', NULL, NULL, '2026-03-02 04:58:42'),
(266, 'SNTR-KLNR-GM-R2', 'SENTRA KULINER GAJAH MADA', '', 3000.00, 2100000.00, 'Dua Juta Seratus Ribu Rupiah', NULL, NULL, NULL, '2026-03-02 04:58:42');

-- --------------------------------------------------------

--
-- Table structure for table `setoran_retribusi`
--

CREATE TABLE `setoran_retribusi` (
  `id` int(11) NOT NULL,
  `id_lokasi` int(11) DEFAULT NULL,
  `bulan_tahun` date DEFAULT NULL COMMENT 'Untuk mencatat setoran bulan apa',
  `setoran_tgl_1` decimal(15,2) DEFAULT 0.00,
  `setoran_tgl_11` decimal(15,2) DEFAULT 0.00,
  `setoran_tgl_21` decimal(15,2) DEFAULT 0.00,
  `total_masuk` decimal(15,2) GENERATED ALWAYS AS (`setoran_tgl_1` + `setoran_tgl_11` + `setoran_tgl_21`) VIRTUAL
) ENGINE=InnoDB DEFAULT CHARSET=utf8mb4 COLLATE=utf8mb4_general_ci;

--
-- Dumping data for table `setoran_retribusi`
--

INSERT INTO `setoran_retribusi` (`id`, `id_lokasi`, `bulan_tahun`, `setoran_tgl_1`, `setoran_tgl_11`, `setoran_tgl_21`) VALUES
(111, 112, '2026-03-01', 550000.00, 550000.00, 500000.00),
(112, 112, '2026-03-01', 0.00, 0.00, 0.00),
(113, 113, '2026-03-01', 550000.00, 550000.00, 550000.00),
(114, 114, '2026-03-01', 580000.00, 580000.00, 580000.00),
(115, 114, '2026-03-01', 0.00, 0.00, 0.00),
(116, 115, '2026-03-01', 550000.00, 550000.00, 500000.00),
(117, 115, '2026-03-01', 0.00, 0.00, 0.00),
(118, 116, '2026-03-01', 460000.00, 460000.00, 460000.00),
(119, 116, '2026-03-01', 0.00, 0.00, 0.00),
(120, 117, '2026-03-01', 500000.00, 500000.00, 500000.00),
(121, 117, '2026-03-01', 0.00, 0.00, 0.00),
(122, 118, '2026-03-01', 400000.00, 400000.00, 400000.00),
(123, 118, '2026-03-01', 0.00, 0.00, 0.00),
(124, 119, '2026-03-01', 550000.00, 550000.00, 550000.00),
(125, 119, '2026-03-01', 0.00, 0.00, 0.00),
(126, 120, '2026-03-01', 550000.00, 550000.00, 550000.00),
(127, 120, '2026-03-01', 0.00, 0.00, 0.00),
(128, 121, '2026-03-01', 550000.00, 550000.00, 550000.00),
(129, 121, '2026-03-01', 0.00, 0.00, 0.00),
(130, 122, '2026-03-01', 650000.00, 650000.00, 650000.00),
(131, 122, '2026-03-01', 0.00, 0.00, 0.00),
(132, 123, '2026-03-01', 410000.00, 410000.00, 410000.00),
(133, 124, '2026-03-01', 400000.00, 400000.00, 400000.00),
(134, 125, '2026-03-01', 350000.00, 350000.00, 350000.00),
(135, 125, '2026-03-01', 0.00, 0.00, 0.00),
(136, 126, '2026-03-01', 350000.00, 350000.00, 350000.00),
(137, 126, '2026-03-01', 0.00, 0.00, 0.00),
(138, 127, '2026-03-01', 680000.00, 680000.00, 680000.00),
(139, 127, '2026-03-01', 0.00, 0.00, 0.00),
(140, 128, '2026-03-01', 680000.00, 680000.00, 680000.00),
(141, 128, '2026-03-01', 0.00, 0.00, 0.00),
(142, 129, '2026-03-01', 500000.00, 500000.00, 500000.00),
(143, 129, '2026-03-01', 0.00, 0.00, 0.00),
(144, 130, '2026-03-01', 500000.00, 500000.00, 500000.00),
(145, 131, '2026-03-01', 550000.00, 550000.00, 550000.00),
(146, 131, '2026-03-01', 0.00, 0.00, 0.00),
(147, 132, '2026-03-01', 9000000.00, 9000000.00, 9000000.00),
(148, 132, '2026-03-01', 0.00, 0.00, 0.00),
(149, 132, '2026-03-01', 0.00, 0.00, 0.00),
(150, 132, '2026-03-01', 0.00, 0.00, 0.00),
(151, 132, '2026-03-01', 0.00, 0.00, 0.00),
(152, 132, '2026-03-01', 0.00, 0.00, 0.00),
(153, 132, '2026-03-01', 0.00, 0.00, 0.00),
(154, 132, '2026-03-01', 0.00, 0.00, 0.00),
(155, 132, '2026-03-01', 0.00, 0.00, 0.00),
(156, 133, '2026-03-01', 2500000.00, 2500000.00, 2500000.00),
(157, 133, '2026-03-01', 0.00, 0.00, 0.00),
(158, 133, '2026-03-01', 0.00, 0.00, 0.00),
(159, 133, '2026-03-01', 0.00, 0.00, 0.00),
(160, 133, '2026-03-01', 0.00, 0.00, 0.00),
(161, 133, '2026-03-01', 0.00, 0.00, 0.00),
(162, 134, '2026-03-01', 250000.00, 250000.00, 250000.00),
(163, 134, '2026-03-01', 0.00, 0.00, 0.00),
(164, 135, '2026-03-01', 250000.00, 250000.00, 250000.00),
(165, 135, '2026-03-01', 0.00, 0.00, 0.00),
(166, 136, '2026-03-01', 200000.00, 200000.00, 200000.00),
(167, 136, '2026-03-01', 0.00, 0.00, 0.00),
(168, 137, '2026-03-01', 250000.00, 250000.00, 250000.00),
(169, 137, '2026-03-01', 0.00, 0.00, 0.00),
(170, 138, '2026-03-01', 200000.00, 200000.00, 200000.00),
(171, 139, '2026-03-01', 1400000.00, 1400000.00, 1400000.00),
(172, 139, '2026-03-01', 0.00, 0.00, 0.00),
(173, 139, '2026-03-01', 0.00, 0.00, 0.00),
(174, 139, '2026-03-01', 0.00, 0.00, 0.00),
(175, 139, '2026-03-01', 0.00, 0.00, 0.00),
(176, 139, '2026-03-01', 0.00, 0.00, 0.00),
(177, 140, '2026-03-01', 360000.00, 360000.00, 360000.00),
(178, 140, '2026-03-01', 0.00, 0.00, 0.00),
(179, 141, '2026-03-01', 300000.00, 300000.00, 300000.00),
(180, 141, '2026-03-01', 0.00, 0.00, 0.00),
(181, 142, '2026-03-01', 400000.00, 400000.00, 400000.00),
(182, 143, '2026-03-01', 380000.00, 380000.00, 380000.00),
(183, 143, '2026-03-01', 0.00, 0.00, 0.00),
(184, 144, '2026-03-01', 500000.00, 500000.00, 500000.00),
(185, 144, '2026-03-01', 0.00, 0.00, 0.00),
(186, 145, '2026-03-01', 350000.00, 350000.00, 350000.00),
(187, 145, '2026-03-01', 0.00, 0.00, 0.00),
(188, 146, '2026-03-01', 565000.00, 565000.00, 565000.00),
(189, 146, '2026-03-01', 0.00, 0.00, 0.00),
(190, 147, '2026-03-01', 310000.00, 310000.00, 310000.00),
(191, 147, '2026-03-01', 0.00, 0.00, 0.00),
(192, 148, '2026-03-01', 370000.00, 370000.00, 370000.00),
(193, 148, '2026-03-01', 0.00, 0.00, 0.00),
(194, 149, '2026-03-01', 370000.00, 370000.00, 370000.00),
(195, 149, '2026-03-01', 0.00, 0.00, 0.00),
(196, 150, '2026-03-01', 300000.00, 300000.00, 300000.00),
(197, 150, '2026-03-01', 0.00, 0.00, 0.00),
(198, 151, '2026-03-01', 3000000.00, 3000000.00, 3000000.00),
(199, 151, '2026-03-01', 0.00, 0.00, 0.00),
(200, 151, '2026-03-01', 0.00, 0.00, 0.00),
(201, 151, '2026-03-01', 0.00, 0.00, 0.00),
(202, 151, '2026-03-01', 0.00, 0.00, 0.00),
(203, 151, '2026-03-01', 0.00, 0.00, 0.00),
(204, 151, '2026-03-01', 0.00, 0.00, 0.00),
(205, 151, '2026-03-01', 0.00, 0.00, 0.00),
(206, 151, '2026-03-01', 0.00, 0.00, 0.00),
(207, 151, '2026-03-01', 0.00, 0.00, 0.00),
(208, 151, '2026-03-01', 0.00, 0.00, 0.00),
(209, 151, '2026-03-01', 0.00, 0.00, 0.00),
(210, 151, '2026-03-01', 0.00, 0.00, 0.00),
(211, 151, '2026-03-01', 0.00, 0.00, 0.00),
(212, 152, '2026-03-01', 370000.00, 370000.00, 370000.00),
(213, 152, '2026-03-01', 0.00, 0.00, 0.00),
(214, 153, '2026-03-01', 530000.00, 530000.00, 530000.00),
(215, 153, '2026-03-01', 0.00, 0.00, 0.00),
(216, 154, '2026-03-01', 500000.00, 500000.00, 500000.00),
(217, 154, '2026-03-01', 0.00, 0.00, 0.00),
(218, 155, '2026-03-01', 500000.00, 500000.00, 500000.00),
(219, 155, '2026-03-01', 0.00, 0.00, 0.00),
(220, 156, '2026-03-01', 250000.00, 250000.00, 250000.00),
(221, 157, '2026-03-01', 410000.00, 410000.00, 410000.00),
(222, 158, '2026-03-01', 480000.00, 480000.00, 480000.00),
(223, 158, '2026-03-01', 0.00, 0.00, 0.00),
(224, 159, '2026-03-01', 250000.00, 250000.00, 250000.00),
(225, 159, '2026-03-01', 0.00, 0.00, 0.00),
(226, 160, '2026-03-01', 400000.00, 400000.00, 400000.00),
(227, 161, '2026-03-01', 420000.00, 420000.00, 420000.00),
(228, 161, '2026-03-01', 0.00, 0.00, 0.00),
(229, 162, '2026-03-01', 400000.00, 400000.00, 400000.00),
(230, 162, '2026-03-01', 0.00, 0.00, 0.00),
(231, 163, '2026-03-01', 300000.00, 300000.00, 300000.00),
(232, 164, '2026-03-01', 500000.00, 500000.00, 500000.00),
(233, 164, '2026-03-01', 0.00, 0.00, 0.00),
(234, 165, '2026-03-01', 2500000.00, 2500000.00, 2500000.00),
(235, 165, '2026-03-01', 0.00, 0.00, 0.00),
(236, 165, '2026-03-01', 0.00, 0.00, 0.00),
(237, 165, '2026-03-01', 0.00, 0.00, 0.00),
(238, 165, '2026-03-01', 0.00, 0.00, 0.00),
(239, 166, '2026-03-01', 300000.00, 300000.00, 300000.00),
(240, 166, '2026-03-01', 0.00, 0.00, 0.00),
(241, 167, '2026-03-01', 350000.00, 350000.00, 350000.00),
(242, 167, '2026-03-01', 0.00, 0.00, 0.00),
(243, 167, '2026-03-01', 0.00, 0.00, 0.00),
(244, 168, '2026-03-01', 350000.00, 350000.00, 350000.00),
(245, 168, '2026-03-01', 0.00, 0.00, 0.00),
(246, 168, '2026-03-01', 0.00, 0.00, 0.00),
(247, 169, '2026-03-01', 200000.00, 200000.00, 200000.00),
(248, 170, '2026-03-01', 550000.00, 550000.00, 550000.00),
(249, 170, '2026-03-01', 0.00, 0.00, 0.00),
(250, 171, '2026-03-01', 570000.00, 570000.00, 570000.00),
(251, 171, '2026-03-01', 0.00, 0.00, 0.00),
(252, 172, '2026-03-01', 560000.00, 560000.00, 560000.00),
(253, 172, '2026-03-01', 0.00, 0.00, 0.00),
(254, 172, '2026-03-01', 0.00, 0.00, 0.00),
(255, 173, '2026-03-01', 1000000.00, 1000000.00, 1000000.00),
(256, 173, '2026-03-01', 0.00, 0.00, 0.00),
(257, 174, '2026-03-01', 200000.00, 200000.00, 200000.00),
(258, 174, '2026-03-01', 0.00, 0.00, 0.00),
(259, 175, '2026-03-01', 500000.00, 500000.00, 500000.00),
(260, 176, '2026-03-01', 300000.00, 300000.00, 300000.00),
(261, 177, '2026-03-01', 410000.00, 410000.00, 410000.00),
(262, 178, '2026-03-01', 400000.00, 400000.00, 400000.00),
(263, 179, '2026-03-01', 300000.00, 300000.00, 300000.00),
(264, 179, '2026-03-01', 0.00, 0.00, 0.00),
(265, 180, '2026-03-01', 250000.00, 250000.00, 250000.00),
(266, 180, '2026-03-01', 0.00, 0.00, 0.00),
(267, 181, '2026-03-01', 150000.00, 150000.00, 150000.00),
(268, 182, '2026-03-01', 200000.00, 200000.00, 200000.00),
(269, 182, '2026-03-01', 0.00, 0.00, 0.00),
(270, 183, '2026-03-01', 500000.00, 500000.00, 500000.00),
(271, 183, '2026-03-01', 0.00, 0.00, 0.00),
(272, 184, '2026-03-01', 350000.00, 350000.00, 350000.00),
(273, 184, '2026-03-01', 0.00, 0.00, 0.00),
(274, 185, '2026-03-01', 500000.00, 500000.00, 500000.00),
(275, 185, '2026-03-01', 0.00, 0.00, 0.00),
(276, 186, '2026-03-01', 1220000.00, 1220000.00, 1220000.00),
(277, 186, '2026-03-01', 0.00, 0.00, 0.00),
(278, 187, '2026-03-01', 250000.00, 250000.00, 250000.00),
(279, 187, '2026-03-01', 0.00, 0.00, 0.00),
(280, 188, '2026-03-01', 200000.00, 200000.00, 200000.00),
(281, 188, '2026-03-01', 0.00, 0.00, 0.00),
(282, 189, '2026-03-01', 3800000.00, 3800000.00, 3800000.00),
(283, 189, '2026-03-01', 0.00, 0.00, 0.00),
(284, 189, '2026-03-01', 0.00, 0.00, 0.00),
(285, 189, '2026-03-01', 0.00, 0.00, 0.00),
(286, 190, '2026-03-01', 3000000.00, 3000000.00, 3000000.00),
(287, 190, '2026-03-01', 0.00, 0.00, 0.00),
(288, 190, '2026-03-01', 0.00, 0.00, 0.00),
(289, 190, '2026-03-01', 0.00, 0.00, 0.00),
(290, 191, '2026-03-01', 500000.00, 500000.00, 500000.00),
(291, 191, '2026-03-01', 0.00, 0.00, 0.00),
(300, 194, '2026-03-01', 600000.00, 600000.00, 600000.00),
(301, 194, '2026-03-01', 0.00, 0.00, 0.00),
(302, 195, '2026-03-01', 500000.00, 500000.00, 500000.00),
(303, 195, '2026-03-01', 0.00, 0.00, 0.00),
(304, 196, '2026-03-01', 350000.00, 350000.00, 350000.00),
(305, 196, '2026-03-01', 0.00, 0.00, 0.00),
(306, 197, '2026-03-01', 350000.00, 350000.00, 350000.00),
(307, 198, '2026-03-01', 1840000.00, 1840000.00, 1840000.00),
(308, 198, '2026-03-01', 0.00, 0.00, 0.00),
(309, 198, '2026-03-01', 0.00, 0.00, 0.00),
(310, 198, '2026-03-01', 0.00, 0.00, 0.00),
(311, 198, '2026-03-01', 0.00, 0.00, 0.00),
(312, 198, '2026-03-01', 0.00, 0.00, 0.00),
(313, 198, '2026-03-01', 0.00, 0.00, 0.00),
(314, 198, '2026-03-01', 0.00, 0.00, 0.00),
(315, 198, '2026-03-01', 0.00, 0.00, 0.00),
(316, 199, '2026-03-01', 1000000.00, 1000000.00, 1000000.00),
(317, 200, '2026-03-01', 300000.00, 300000.00, 300000.00),
(318, 201, '2026-03-01', 500000.00, 500000.00, 500000.00),
(319, 201, '2026-03-01', 0.00, 0.00, 0.00),
(320, 201, '2026-03-01', 0.00, 0.00, 0.00),
(321, 201, '2026-03-01', 0.00, 0.00, 0.00),
(322, 202, '2026-03-01', 600000.00, 600000.00, 600000.00),
(323, 202, '2026-03-01', 0.00, 0.00, 0.00),
(324, 203, '2026-03-01', 500000.00, 500000.00, 500000.00),
(325, 203, '2026-03-01', 0.00, 0.00, 0.00),
(326, 203, '2026-03-01', 0.00, 0.00, 0.00),
(327, 204, '2026-03-01', 500000.00, 500000.00, 500000.00),
(328, 204, '2026-03-01', 0.00, 0.00, 0.00),
(329, 204, '2026-03-01', 0.00, 0.00, 0.00),
(330, 205, '2026-03-01', 1800000.00, 1800000.00, 1800000.00),
(331, 205, '2026-03-01', 0.00, 0.00, 0.00),
(332, 206, '2026-03-01', 150000.00, 150000.00, 150000.00),
(333, 207, '2026-03-01', 1600000.00, 1600000.00, 1600000.00),
(334, 208, '2026-03-01', 350000.00, 350000.00, 350000.00),
(335, 209, '2026-03-01', 1500000.00, 1500000.00, 1500000.00),
(336, 210, '2026-03-01', 500000.00, 500000.00, 500000.00),
(337, 211, '2026-03-01', 300000.00, 300000.00, 300000.00),
(338, 212, '2026-03-01', 300000.00, 300000.00, 300000.00),
(339, 213, '2026-03-01', 1800000.00, 1800000.00, 1800000.00),
(340, 213, '2026-03-01', 0.00, 0.00, 0.00),
(341, 213, '2026-03-01', 0.00, 0.00, 0.00),
(342, 214, '2026-03-01', 300000.00, 300000.00, 300000.00),
(343, 214, '2026-03-01', 0.00, 0.00, 0.00),
(344, 214, '2026-03-01', 0.00, 0.00, 0.00),
(345, 215, '2026-03-01', 800000.00, 800000.00, 800000.00),
(347, 217, '2026-03-01', 350000.00, 350000.00, 350000.00),
(348, 218, '2026-03-01', 350000.00, 350000.00, 350000.00),
(349, 218, '2026-03-01', 0.00, 0.00, 0.00),
(350, 219, '2026-03-01', 1000000.00, 1000000.00, 1000000.00),
(351, 220, '2026-03-01', 300000.00, 300000.00, 300000.00),
(352, 221, '2026-03-01', 240000.00, 240000.00, 240000.00),
(353, 222, '2026-03-01', 300000.00, 300000.00, 300000.00),
(354, 222, '2026-03-01', 0.00, 0.00, 0.00),
(355, 223, '2026-03-01', 300000.00, 300000.00, 300000.00),
(356, 223, '2026-03-01', 0.00, 0.00, 0.00),
(357, 224, '2026-03-01', 500000.00, 500000.00, 500000.00),
(358, 225, '2026-03-01', 1600000.00, 1600000.00, 1600000.00),
(359, 225, '2026-03-01', 0.00, 0.00, 0.00),
(360, 226, '2026-03-01', 1000000.00, 1000000.00, 1000000.00),
(361, 227, '2026-03-01', 200000.00, 200000.00, 200000.00),
(362, 228, '2026-03-01', 1000000.00, 1000000.00, 1000000.00),
(363, 228, '2026-03-01', 0.00, 0.00, 0.00),
(364, 228, '2026-03-01', 0.00, 0.00, 0.00),
(365, 228, '2026-03-01', 0.00, 0.00, 0.00),
(366, 228, '2026-03-01', 0.00, 0.00, 0.00),
(367, 228, '2026-03-01', 0.00, 0.00, 0.00),
(368, 228, '2026-03-01', 0.00, 0.00, 0.00),
(369, 228, '2026-03-01', 0.00, 0.00, 0.00),
(370, 228, '2026-03-01', 0.00, 0.00, 0.00),
(371, 228, '2026-03-01', 0.00, 0.00, 0.00),
(372, 228, '2026-03-01', 0.00, 0.00, 0.00),
(373, 229, '2026-03-01', 1000000.00, 1000000.00, 1000000.00),
(374, 229, '2026-03-01', 0.00, 0.00, 0.00),
(375, 229, '2026-03-01', 0.00, 0.00, 0.00),
(376, 229, '2026-03-01', 0.00, 0.00, 0.00),
(377, 229, '2026-03-01', 0.00, 0.00, 0.00),
(378, 229, '2026-03-01', 0.00, 0.00, 0.00),
(379, 229, '2026-03-01', 0.00, 0.00, 0.00),
(380, 229, '2026-03-01', 0.00, 0.00, 0.00),
(381, 229, '2026-03-01', 0.00, 0.00, 0.00),
(382, 229, '2026-03-01', 0.00, 0.00, 0.00),
(383, 229, '2026-03-01', 0.00, 0.00, 0.00),
(384, 229, '2026-03-01', 0.00, 0.00, 0.00),
(385, 230, '2026-03-01', 30000000.00, 30000000.00, 30000000.00),
(386, 230, '2026-03-01', 0.00, 0.00, 0.00),
(387, 230, '2026-03-01', 0.00, 0.00, 0.00),
(388, 230, '2026-03-01', 0.00, 0.00, 0.00),
(389, 230, '2026-03-01', 0.00, 0.00, 0.00),
(390, 230, '2026-03-01', 0.00, 0.00, 0.00),
(391, 230, '2026-03-01', 0.00, 0.00, 0.00),
(392, 230, '2026-03-01', 0.00, 0.00, 0.00),
(393, 230, '2026-03-01', 0.00, 0.00, 0.00),
(394, 230, '2026-03-01', 0.00, 0.00, 0.00),
(395, 230, '2026-03-01', 0.00, 0.00, 0.00),
(396, 230, '2026-03-01', 0.00, 0.00, 0.00),
(397, 230, '2026-03-01', 0.00, 0.00, 0.00),
(398, 230, '2026-03-01', 0.00, 0.00, 0.00),
(399, 230, '2026-03-01', 0.00, 0.00, 0.00),
(400, 230, '2026-03-01', 0.00, 0.00, 0.00),
(401, 230, '2026-03-01', 0.00, 0.00, 0.00),
(402, 230, '2026-03-01', 0.00, 0.00, 0.00),
(403, 230, '2026-03-01', 0.00, 0.00, 0.00),
(404, 231, '2026-03-01', 410000.00, 410000.00, 410000.00),
(405, 232, '2026-03-01', 250000.00, 250000.00, 250000.00),
(406, 232, '2026-03-01', 0.00, 0.00, 0.00),
(407, 233, '2026-03-01', 500000.00, 50000.00, 500000.00),
(408, 234, '2026-03-01', 400000.00, 400000.00, 400000.00),
(409, 234, '2026-03-01', 0.00, 0.00, 0.00),
(410, 235, '2026-03-01', 600000.00, 600000.00, 600000.00),
(411, 236, '2026-03-01', 200000.00, 200000.00, 200000.00),
(412, 237, '2026-03-01', 150000.00, 150000.00, 150000.00),
(413, 238, '2026-03-01', 500000.00, 500000.00, 500000.00),
(414, 239, '2026-03-01', 200000.00, 200000.00, 200000.00),
(415, 240, '2026-03-01', 300000.00, 300000.00, 300000.00),
(416, 240, '2026-03-01', 0.00, 0.00, 0.00),
(417, 241, '2026-03-01', 400000.00, 400000.00, 400000.00),
(418, 241, '2026-03-01', 0.00, 0.00, 0.00),
(419, 242, '2026-03-01', 200000.00, 200000.00, 200000.00),
(420, 243, '2026-03-01', 150000.00, 150000.00, 150000.00),
(421, 244, '2026-03-01', 700000.00, 700000.00, 700000.00),
(422, 244, '2026-03-01', 0.00, 0.00, 0.00),
(423, 245, '2026-03-01', 200000.00, 200000.00, 200000.00),
(424, 246, '2026-03-01', 50000.00, 50000.00, 50000.00),
(425, 247, '2026-03-01', 300000.00, 300000.00, 300000.00),
(426, 248, '2026-03-01', 500000.00, 500000.00, 500000.00),
(427, 249, '2026-03-01', 200000.00, 200000.00, 200000.00),
(428, 250, '2026-03-01', 250000.00, 250000.00, 250000.00),
(429, 251, '2026-03-01', 300000.00, 300000.00, 300000.00),
(430, 252, '2026-03-01', 300000.00, 300000.00, 300000.00),
(431, 253, '2026-03-01', 100000.00, 100000.00, 100000.00),
(432, 254, '2026-03-01', 2000000.00, 2000000.00, 2000000.00),
(433, 254, '2026-03-01', 0.00, 0.00, 0.00),
(434, 254, '2026-03-01', 0.00, 0.00, 0.00),
(435, 254, '2026-03-01', 0.00, 0.00, 0.00),
(436, 255, '2026-03-01', 2000000.00, 2000000.00, 2000000.00),
(437, 255, '2026-03-01', 0.00, 0.00, 0.00),
(438, 256, '2026-03-01', 2000000.00, 2000000.00, 2000000.00),
(439, 256, '2026-03-01', 0.00, 0.00, 0.00),
(440, 257, '2026-03-01', 2000000.00, 2000000.00, 2000000.00),
(441, 257, '2026-03-01', 0.00, 0.00, 0.00),
(442, 257, '2026-03-01', 0.00, 0.00, 0.00),
(443, 257, '2026-03-01', 0.00, 0.00, 0.00),
(444, 257, '2026-03-01', 0.00, 0.00, 0.00),
(445, 258, '2026-03-01', 2000000.00, 2000000.00, 2000000.00),
(446, 258, '2026-03-01', 0.00, 0.00, 0.00),
(447, 258, '2026-03-01', 0.00, 0.00, 0.00),
(448, 258, '2026-03-01', 0.00, 0.00, 0.00),
(449, 258, '2026-03-01', 0.00, 0.00, 0.00),
(450, 259, '2026-03-01', 3000000.00, 3000000.00, 3000000.00),
(451, 259, '2026-03-01', 0.00, 0.00, 0.00),
(452, 260, '2026-03-01', 250000.00, 250000.00, 250000.00),
(453, 261, '2026-03-01', 450000.00, 450000.00, 450000.00),
(454, 262, '2026-03-01', 400000.00, 400000.00, 300000.00),
(455, 262, '2026-03-01', 0.00, 0.00, 0.00),
(456, 263, '2026-03-01', 300000.00, 300000.00, 300000.00),
(458, 265, '2026-03-01', 200000.00, 200000.00, 200000.00),
(459, 265, '2026-03-01', 0.00, 0.00, 0.00),
(460, 266, '2026-03-01', 700000.00, 700000.00, 700000.00),
(461, 266, '2026-03-01', 0.00, 0.00, 0.00);

-- --------------------------------------------------------

--
-- Table structure for table `users`
--

CREATE TABLE `users` (
  `id` int(11) NOT NULL,
  `nama` varchar(100) DEFAULT NULL,
  `username` varchar(50) DEFAULT NULL,
  `password` varchar(255) DEFAULT NULL,
  `role` enum('admin','super-admin') DEFAULT 'admin',
  `created_at` timestamp NOT NULL DEFAULT current_timestamp()
) ENGINE=InnoDB DEFAULT CHARSET=utf8mb4 COLLATE=utf8mb4_general_ci;

--
-- Indexes for dumped tables
--

--
-- Indexes for table `jukir_pembantu`
--
ALTER TABLE `jukir_pembantu`
  ADD PRIMARY KEY (`id`),
  ADD UNIQUE KEY `nik` (`nik`),
  ADD KEY `id_utama` (`id_utama`);

--
-- Indexes for table `jukir_utama`
--
ALTER TABLE `jukir_utama`
  ADD PRIMARY KEY (`id`),
  ADD UNIQUE KEY `no_spmt` (`no_spmt`),
  ADD UNIQUE KEY `nik` (`nik`),
  ADD KEY `id_lokasi` (`id_lokasi`);

--
-- Indexes for table `lokasi`
--
ALTER TABLE `lokasi`
  ADD PRIMARY KEY (`id`),
  ADD UNIQUE KEY `kode_qris` (`kode_qris`);

--
-- Indexes for table `setoran_retribusi`
--
ALTER TABLE `setoran_retribusi`
  ADD PRIMARY KEY (`id`),
  ADD KEY `id_lokasi` (`id_lokasi`);

--
-- Indexes for table `users`
--
ALTER TABLE `users`
  ADD PRIMARY KEY (`id`),
  ADD UNIQUE KEY `username` (`username`);

--
-- AUTO_INCREMENT for dumped tables
--

--
-- AUTO_INCREMENT for table `jukir_pembantu`
--
ALTER TABLE `jukir_pembantu`
  MODIFY `id` int(11) NOT NULL AUTO_INCREMENT, AUTO_INCREMENT=313;

--
-- AUTO_INCREMENT for table `jukir_utama`
--
ALTER TABLE `jukir_utama`
  MODIFY `id` int(11) NOT NULL AUTO_INCREMENT, AUTO_INCREMENT=267;

--
-- AUTO_INCREMENT for table `lokasi`
--
ALTER TABLE `lokasi`
  MODIFY `id` int(11) NOT NULL AUTO_INCREMENT, AUTO_INCREMENT=267;

--
-- AUTO_INCREMENT for table `setoran_retribusi`
--
ALTER TABLE `setoran_retribusi`
  MODIFY `id` int(11) NOT NULL AUTO_INCREMENT, AUTO_INCREMENT=462;

--
-- AUTO_INCREMENT for table `users`
--
ALTER TABLE `users`
  MODIFY `id` int(11) NOT NULL AUTO_INCREMENT;

--
-- Constraints for dumped tables
--

--
-- Constraints for table `jukir_pembantu`
--
ALTER TABLE `jukir_pembantu`
  ADD CONSTRAINT `jukir_pembantu_ibfk_1` FOREIGN KEY (`id_utama`) REFERENCES `jukir_utama` (`id`) ON DELETE CASCADE;

--
-- Constraints for table `jukir_utama`
--
ALTER TABLE `jukir_utama`
  ADD CONSTRAINT `jukir_utama_ibfk_1` FOREIGN KEY (`id_lokasi`) REFERENCES `lokasi` (`id`) ON DELETE SET NULL;

--
-- Constraints for table `setoran_retribusi`
--
ALTER TABLE `setoran_retribusi`
  ADD CONSTRAINT `setoran_retribusi_ibfk_1` FOREIGN KEY (`id_lokasi`) REFERENCES `lokasi` (`id`) ON DELETE CASCADE;
COMMIT;

/*!40101 SET CHARACTER_SET_CLIENT=@OLD_CHARACTER_SET_CLIENT */;
/*!40101 SET CHARACTER_SET_RESULTS=@OLD_CHARACTER_SET_RESULTS */;
/*!40101 SET COLLATION_CONNECTION=@OLD_COLLATION_CONNECTION */;
